Controle de Uso do Cartão Mestre,,,,,,,"FILIAL: 99
CIDADE EXEMPLO"
,,,,,,,
DATA,HORA,MATRÍCULA,NOME,SETOR,FUNÇÃO,MOTIVO,"RESPONSÁVEL
PELA AUTORIZAÇÃO"
01/01/2026,07:53:00,19982,DANIEL ISABELA RIBEIRO JUNIOR,JARDINAGEM,AUX. ADMINISTRATIVO,HORÁRIO NEGADO,HELIO
01/01/2026,07:58:00,38104,LEANDRO PINHEIRO DOS ROCHA,CABOS E FIOS,APROVADOR DE CREDITO,HORÁRIO NEGADO,LUCIO
01/01/2026,08:00:00,35392,PRISCILA FELIPE NASCIMENTO,UTILIDADES DOMESTICAS - PLASTICOS,AUX. DE PREVENCAO DE PERDAS,OUTRA FILIAL,GR5 - EDUARDO
01/01/2026,09:02:59,32347,ISABELA PINHEIRO,TRANSPORTE PESADO,TESOUREIRO,HORÁRIO NEGADO,GR5 - EDUARDO
01/01/2006,09:34:00,27410,DIEGO LUCAS LOPES,RECURSOS HUMANOS,FRENTE DE LOJA,HORÁRIO NEGADO,HELIO
01/01/2026,09:34:00,27410,DIEGO LUCAS LOPES,RECURSOS HUMANOS,FRENTE DE LOJA,HORÁRIO NEGADO,HELIO
01/01/2026,09:45:00,31335,SIMONE ALINE BARBOSA,ENTREGA,AUX.ENTREGA EXTERNA,HORÁRIO NEGADO,KELLY
01/01/2026,10:48:43,35871,JANAINA GOMES DE CORREIA FILHO,MATERIAL ELETRICO,CONFERENTE DE MERCADORIA,HORÁRIO NEGADO,GR1 - ADRIANO
01/01/2026,11:03:00,20035,IGOR BARBOSA DOS RIBEIRO,CABOS E FIOS,AUX. DE ASSISTENCIA TECNICA,HORÁRIO NEGADO,GR3 - CLARA
01/01/2026,11:43:00,31963,HELENA MOREIRA DA RAMOS,TRANSPORTE PESADO,AUX. DE PREVENCAO DE PERDAS,HORÁRIO NEGADO,GR2 - BEATRIZ
01/01/2026,12:20:00,16137,BEATRIZ FREITAS DE TEIXEIRA,0,AUXILIAR DE LIMPEZA SANITARIA,HORÁRIO NEGADO,GRL - FLAVIA
01/01/2026,12:48:00,,MATEUS,MANUTENCAO INFRAESTRUTURA,FRENTE DE LOJA,HORÁRIO NEGADO,LUCIO
01/01/2026,12:52:00,22870,RODRIGO DIEGO RIBEIRO DE FERNANDES,CREDIARIO,AUXILIAR DE LIMPEZA SANITARIA,ARMARIOS,JONAS
01/01/2026,14:50:00,21183,MARCOS NOGUEIRA,MOVEIS E COZINHAS,OPERADOR DE COMPUTADOR,HORÁRIO NEGADO,JONAS
01/01/2026,15:14:00,27943,CLAUDIA ELIAS COSTA DOS SOUZA,ELETRODOMESTICOS-ELETROPORTATEIS,AUX. DE PREVENCAO DE PERDAS,FOLGA FIXA,MARINA
01/01/2026,17:42:00,37159,CARLOS MARTINS DE LIMA,JARDINAGEM,OPERADOR DE EMPILHADEIRA,HORÁRIO NEGADO,GR4 - DENISE
02/01/2026,08:09:00,31985,JULIANA CAMILA FERNANDES DE NEVES JUNIOR,MANUTENCAO INFRAESTRUTURA,OPERADOR DE COMPUTADOR,ARMÁRIO,GRL - FLAVIA
02/01/2026,08:30:00,22816,FELIPE DIAS DE TEIXEIRA,DEPOSITOS INTERNOS,OPERADOR DE LOJA,HORÁRIO NEGADO,IARA
02/01/2026,09:05:00,33957,DANIELA RAQUEL DUARTE,DEPOSITOS INTERNOS,AUX. ADMINISTRATIVO,HORÁRIO NEGADO,LUCIO
02/01/2026,09:13:00,25033,JULIANA FELIPE FARIAS DE GOMES,JARDINAGEM,OPERADOR DE EMPILHADEIRA,HORÁRIO NEGADO,GR1 – ADRIANO
02/01/2026,10:29:00,30872,LUCAS SOUZA DE CORREIA,ELETRODOMESTICOS-ELETROPORTATEIS,ELETRICISTA,HORÁRIO NEGADO,LUCIO
02/01/2026,11:12:00,26146,CLAUDIA SIMONE ROCHA DOS SOUZA,MANUTENCAO INFRAESTRUTURA,OPERADOR DE EMPILHADEIRA,HORÁRIO NEGADO,GR5 - EDUARDO
02/01/2026,12:33:00,,SERGIO,DEPOSITOS INTERNOS,OPERADOR DE LOJA,PERDEU CRACHÁ,HELIO
02/01/2026,13:24:00,22628,IVAN NEVES DOS FERNANDES NETO,CAIXA,AUX.ENTREGA EXTERNA,HORÁRIO NEGADO,GR5 - EDUARDO
02/01/2026,15:11:38,29778,CLAUDIA LEITE,LIMPEZA,AUXILIAR DE LIMPEZA SANITARIA,HORÁRIO NEGADO,HELIO
02/01/2026,17:37:16,36312,SERGIO CARLOS LIMA,METAIS SANITARIOS,SUPERVISOR DE VENDAS,HORÁRIO NEGADO,GR5 - EDUARDO
02/01/2026,17:52:06,36921,CARLOS IGOR REIS DOS TEIXEIRA,VENDAS,OPERADOR DE LOJA,HORÁRIO NEGADO,GR3 - CLARA
02/01/2026,18:50:00,37409,MARIANA MARTINS,TINTAS E ACESSORIOS,MOTORISTA,HORÁRIO NEGADO,GR5 – EDUARDO
02/01/2026,18:51:00,16641,GUSTAVO RAQUEL LIMA DOS COSTA,ENTREGA,AUX. DE DEPOSITO,HORÁRIO NEGADO,IARA
03/01/2026,10:18:00,39930,JOAO TEIXEIRA NETO,MANUTENCAO INFRAESTRUTURA,OPERADOR DE EMPILHADEIRA,HORÁRIO NEGADO,GR5 - EDUARDO
03/01/2026,10:30:20,29741,ANA PATRICIA ALVES DA TEIXEIRA,UTILIDADES DOMESTICAS - PLASTICOS,AUX. ADMINISTRATIVO,HORÁRIO NEGADO,NILDO
03/01/2026,10:50:00,34075,EDUARDO MENDES,RECURSOS HUMANOS,OPERADOR DE EMPILHADEIRA,HORÁRIO NEGADO,GR2 - BEATRIZ
03/01/2026,14:09:00,33540,JOANA REIS DE LIMA,PREVENCAO DE PERDAS,ATENDENTE,HORÁRIO NEGADO,GR2 - BEATRIZ
03/01/2026,14:35:00,27149,JOAO SOUZA DOS MOREIRA,PISOS E REVESTIMENTOS,ELETRICISTA,HORÁRIO NEGADO,GR2 - BEATRIZ
03/01/2026,15:05:00,34340,JOAO RAQUEL LOPES DE CORREIA,RECEPCAO DE MERCADORIA - LOJA,OPERADOR DE COMPUTADOR,HORÁRIO NEGADO,GR1 – ADRIANO
03/01/2026,15:22:00,34065,DANIEL ISABELA COSTA DA NEVES,JARDINAGEM,TESOUREIRO,HORÁRIO NEGADO,JONAS
03/01/2026,15:57:00,23890,FERNANDA LOPES DE LOPES,JARDINAGEM,CONFERENTE DE MERCADORIA,HORÁRIO NEGADO,GR2 - BEATRIZ
03/01/2026,16:12:00,31371,DIEGO GOMES DA REIS,ENTREGA,VENDEDOR,ADM,GR2 - BEATRIZ
03/01/2026,18:28:00,31497,CARLA MENDES DE FARIAS,TINTAS E ACESSORIOS,APRENDIZ EM SERVICOS VENDAS,HORÁRIO NEGADO,JONAS
04/01/2026,08:44:00,31764,PEDRO LUCIANA PEREIRA,RECURSOS HUMANOS,ATENDENTE,ADM,GRL – FLAVIA
04/01/2026,08:54:00,16203,ALINE CARDOSO,TECNOLOGIA DA INFORMACAO,MOTORISTA,HORÁRIO NEGADO,MARINA
04/01/2026,10:09:00,29263,HELENA CARDOSO,FRENTE DE LOJA,OPERADOR DE COMPUTADOR,HORÁRIO NEGADO,GR5 - EDUARDO
04/01/2026,10:12:00,15871,HELENA PINHEIRO,PISOS E REVESTIMENTOS,APROVADOR DE CREDITO,HORÁRIO NEGADO,GR3 – CLARA
04/01/2026,10:49:38,24487,FELIPE JORGE REIS DA MACHADO,TESOURARIA,PROMOTOR(A),HORÁRIO NEGADO,OSCAR
04/01/2026,11:14:23,29563,SILVIA DIAS DA LIMA FILHO,ELETRODOMESTICOS-ELETROPORTATEIS,OPERADOR DE EMPILHADEIRA,HORÁRIO NEGADO,GR1 - ADRIANO
04/01/2026,11:18:00,16242,DIEGO LEITE,METAIS SANITARIOS,MOTORISTA,HORÁRIO NEGADO,GRL - FLAVIA
04/01/2026,11:50:00,37994,SANDRA JOAO BARBOSA DOS COSTA,TINTAS E ACESSORIOS,APRENDIZ EM SERVICOS VENDAS,ARMARIOS,NILDO
04/01/2026,12:05:00,30872,LUCAS SOUZA DE CORREIA,ELETRO,ELETRICISTA,HORÁRIO NEGADO,IARA
04/01/2026,12:13:00,38190,PRISCILA LIMA,MATERIAL ELETRICO,CONFERENTE DE MERCADORIA,FOLGA FIXA,GR3 - CLARA
04/01/2026,12:52:38,16203,ALINE CARDOSO,TECNOLOGIA DA INFORMACAO,MOTORISTA,HORÁRIO NEGADO,GR5 - EDUARDO
04/01/2026,13:01:00,32928,EDUARDO TEIXEIRA DOS CARDOSO,BALCAO DE FERRAMENTAS,VENDEDOR,HORÁRIO NEGADO,MARINA
04/01/2026,13:07:00,21313,LUCIANA MACHADO DE NASCIMENTO,ACESSORIOS PARA BANHEIRO,SUPERVISOR DE VENDAS,HORÁRIO NEGADO,GR5 - EDUARDO
04/01/2026,13:40:48,29741,ANA PATRICIA ALVES DA TEIXEIRA,UTILIDADES DOMESTICAS - PLASTICOS,AUX. ADMINISTRATIVO,HORÁRIO NEGADO,HELIO
04/01/2026,14:59:00,28358,CRISTIANE JULIANA SOARES,TINTAS E ACESSORIOS,VENDEDOR,HORÁRIO NEGADO,GR1 - ADRIANO
04/01/2026,16:26:39,37563,BRUNO SIMONE FERNANDES,RECEPCAO DE MERCADORIA - LOJA,ELETRICISTA,HORÁRIO NEGADO,GR5 – EDUARDO
05/01/2026,09:10:03,18230,WAGNER NASCIMENTO DE TEIXEIRA,MANUTENCAO INFRAESTRUTURA,AUX. DE ASSISTENCIA TECNICA,HORÁRIO NEGADO,GR3 - CLARA
05/01/2026,09:30:00,39939,CARLA CAIO MELO,TECNOLOGIA DA INFORMACAO,ELETRICISTA,HORÁRIO NEGADO,GR5 - EDUARDO
05/01/2026,09:40:31,28211,VICTOR FABIANA PEREIRA DE DIAS,MANUTENCAO INFRAESTRUTURA,VENDEDOR,HORÁRIO NEGADO,GR3 - CLARA
05/01/2026,10:05:00,35399,MARCIA PEREIRA,PREVENCAO DE PERDAS,OPERADOR DE EMPILHADEIRA,HORÁRIO NEGADO,GR5 - EDUARDO
05/01/2026,10:32:00,32565,VANESSA ELIAS NEVES,TINTAS E ACESSORIOS,ELETRICISTA,ESQUECEU CRACHÁ,HELIO
05/01/2026,10:40:31,33957,DANIELA RAQUEL DUARTE,DEPOSITOS INTERNOS,AUX. ADMINISTRATIVO,HORÁRIO NEGADO,IARA
05/01/2026,11:34:00,21545,DIEGO COSTA,MATERIAL ELETRICO,APROVADOR DE CREDITO,HORÁRIO NEGADO,GR1 - ADRIANO
05/01/2026,11:43:00,16641,GUSTAVO RAQUEL LIMA DOS COSTA,ENTREGA,AUX. DE DEPOSITO,HORÁRIO NEGADO,LUCIO
05/01/2026,12:51:16,90032,RENATA LETICIA SANTOS DA SOARES FILHO,TESOURARIA,AUX.ENTREGA EXTERNA,ESQUECEU CRACHÁ,HELIO
05/01/2026,14:31:59,19613,DANIEL SILVA,VENDAS,ELETRICISTA,HORÁRIO NEGADO,GRL - FLAVIA
05/01/2026,15:29:12,34259,MARCELO FERNANDA REIS DA SILVA,FRENTE DE LOJA,ELETRICISTA,HORÁRIO NEGADO,GR5 - EDUARDO
05/01/2026,15:36:00,26450,ALINE MARCELO MELO,0,OPERADOR DE COMPUTADOR,FOLGA FIXA,GR1 - ADRIANO
05/01/2026,15:39:52,30524,MARCELO JOAO LIMA DE ALVES,ENTREGA,OPERADOR DE LOJA,HORÁRIO NEGADO,JONAS
05/01/2026,17:24:00,24042,JORGE SILVIA SOARES DE SOARES,ACESSORIOS PARA BANHEIRO,AUX.ENTREGA EXTERNA,HORÁRIO NEGADO,LUCIO
05/01/2026,17:32:00,21493,WAGNER GUSTAVO SOUZA,ACESSORIOS PARA BANHEIRO,AUXILIAR DE LIMPEZA SANITARIA,HORÁRIO NEGADO,GR3 - CLARA
06/01/2026,08:14:00,30709,CAIO AMANDA RIBEIRO DOS COSTA,RECEPCAO DE MERCADORIA - LOJA,TESOUREIRO,HORÁRIO NEGADO,GRL - FLAVIA
06/01/2026,08:27:25,16203,ALINE CARDOSO,TECNOLOGIA DA INFORMACAO,MOTORISTA,HORÁRIO NEGADO,JONAS
06/01/2026,08:34:00,25947,JORGE IVAN MOREIRA FILHO,JARDINAGEM,AUX. DE PREVENCAO DE PERDAS,HORÁRIO NEGADO,IARA
06/01/2026,08:57:00,36755,THIAGO LUCAS RAMOS DA SILVA,ENTREGA,FRENTE DE LOJA,HORÁRIO NEGADO,GR3 - CLARA
06/01/2026,09:14:00,24941,CLAUDIA CARLA MARTINS DE LEITE,UTILIDADES DOMESTICAS - PLASTICOS,MOTORISTA,FOLGA FIXA,GR1 - ADRIANO
06/01/2026,09:46:00,27363,DANIEL REIS DE MELO NETO,RECURSOS HUMANOS,AUX.ENTREGA EXTERNA,HORÁRIO NEGADO,GR1 - ADRIANO
06/01/2026,09:51:00,16721,JULIANA BARBOSA DE SANTOS,TESOURARIA,MOTORISTA,HORÁRIO NEGADO,GR1 - ADRIANO
06/01/2026,09:54:37,37904,PEDRO NATALIA FREITAS DOS PINHEIRO,PISOS E REVESTIMENTOS,ATENDENTE,HORÁRIO NEGADO,GR3 – CLARA
06/01/2026,10:37:10,24020,OTAVIO NUNES,CREDIARIO,TESOUREIRO,HORÁRIO NEGADO,GR3 - CLARA
06/01/2026,10:59:00,32131,RAQUEL RIBEIRO,METAIS SANITARIOS,OPERADOR DE LOJA,HORÁRIO NEGADO,GR5 - EDUARDO
06/01/2026,11:36:00,25711,MARCELO SOARES DOS FREITAS FILHO,ENTREGA,TESOUREIRO,HORÁRIO NEGADO,GR5 - EDUARDO
06/01/2026,12:03:00,25426,LETICIA CUNHA,ELETRO,CONFERENTE DE MERCADORIA,HORÁRIO NEGADO,HELIO
06/01/2026,13:07:00,22841,CARLA IGOR MENDES DOS PEREIRA NETO,TINTAS E ACESSORIOS,AUXILIAR DE LIMPEZA SANITARIA,HORÁRIO NEGADO,GR1 - ADRIANO
06/01/2026,14:29:00,29379,SANDRA SERGIO MENDES,JARDINAGEM,AUX. ADMINISTRATIVO,HORÁRIO NEGADO,OSCAR
06/01/2026,15:05:00,38106,TATIANA ROSANA GOMES DOS MARTINS,TECNOLOGIA DA INFORMACAO,MOTORISTA,HORÁRIO NEGADO,GR1 - ADRIANO
06/01/2026,15:10:00,31497,CARLA MENDES DE FARIAS,TINTAS E ACESSORIOS,APRENDIZ EM SERVICOS VENDAS,FOLGA FIXA,IARA
06/01/2026,15:53:00,35392,PRISCILA FELIPE NASCIMENTO,UTILIDADES DOMESTICAS - PLASTICOS,AUX. DE PREVENCAO DE PERDAS,HORÁRIO NEGADO,GR1 - ADRIANO
06/01/2026,16:30:29,39045,ELIAS SANTOS DOS MACHADO,MOVEIS E COZINHAS,APROVADOR DE CREDITO,HORÁRIO NEGADO,IARA
06/01/2026,17:52:21,38263,SAMUEL GOMES DE SOUZA,CAIXA,AUX.ENTREGA EXTERNA,HORÁRIO NEGADO,GR1 - ADRIANO
07/01/2026,08:33:15,35550,RAQUEL SANTOS,PREVENCAO DE PERDAS,FRENTE DE LOJA,HORÁRIO NEGADO,GR3 - CLARA
07/01/2026,08:41:00,35270,LUCIANA CAMILA TEIXEIRA DA MACHADO,TECNOLOGIA DA INFORMACAO,FRENTE DE LOJA,HORÁRIO NEGADO,GR1 - ADRIANO
07/01/2026,08:53:49,23971,ANA CUNHA DA CUNHA,TRANSPORTE PESADO,AUX. DE PREVENCAO DE PERDAS,HORÁRIO NEGADO,GRL - FLAVIA
07/01/2026,09:19:11,,IVAN,DEPOSITOS INTERNOS,OPERADOR DE LOJA,HORÁRIO NEGADO,GR1 - ADRIANO
07/01/2026,09:19:43,16034,LARISSA SANTOS DA NUNES,ACESSORIOS P/ BANHEIRO,FRENTE DE LOJA,HORÁRIO NEGADO,GR3 – CLARA
07/01/2026,09:36:15,23346,GISELE LEANDRO MENDES,UTILIDADES DOMESTICAS - PRESENTES,TESOUREIRO,HORÁRIO NEGADO,JONAS
07/01/2026,09:56:00,31125,ISABELA GABRIEL SOARES DA SILVA,MOVEIS,APRENDIZ EM SERVICOS VENDAS,HORÁRIO NEGADO,GR2 - BEATRIZ
07/01/2026,10:03:00,21374,BRUNO LOPES DOS COSTA,PREVENCAO DE PERDAS,TESOUREIRO,HORÁRIO NEGADO,HELIO
07/01/2026,10:14:00,98797,MARCIA DIAS,MOVEIS E COZINHAS,OPERADOR DE EMPILHADEIRA,PERDEU CRACHÁ,KELLY
07/01/2026,10:29:00,28818,BEATRIZ DUARTE,BALCAO DE FERRAMENTAS,AUX. DE PREVENCAO DE PERDAS,HORÁRIO NEGADO,GR2 - BEATRIZ
07/01/2026,10:56:00,27363,DANIEL REIS DE MELO NETO,RECURSOS HUMANOS,AUX.ENTREGA EXTERNA,HORÁRIO NEGADO,GR3 - CLARA
07/01/2026,11:23:38,28717,LUCIANA ELAINE LEITE DA FERNANDES JUNIOR,MATERIAL ELETRICO,AUX. DE ASSISTENCIA TECNICA,HORÁRIO NEGADO,GR2 - BEATRIZ
07/01/2026,12:20:00,33860,ROSANA LEANDRO NEVES,TECNOLOGIA DA INFORMACAO,CONFERENTE DE MERCADORIA,HORÁRIO NEGADO,GR1 - ADRIANO
07/01/2026,12:37:00,,CAIO,PISOS E REVESTIMENTOS,ELETRICISTA,HORÁRIO NEGADO,GR5 - EDUARDO
07/01/2026,13:15:18,30270,RENATA CAIO NEVES,TESOURARIA,AUX. DE ASSISTENCIA TECNICA,HORÁRIO NEGADO,GR2 - BEATRIZ
07/01/2026,14:00:17,31187,PRISCILA MATEUS COSTA DE COSTA,MOVEIS E COZINHAS,CONFERENTE DE MERCADORIA,HORÁRIO NEGADO,GR4 - DENISE
07/01/2026,14:07:11,30843,BEATRIZ LEITE,LIMPEZA,ATENDENTE,HORÁRIO NEGADO,JONAS
07/01/2026,16:54:00,33024,MATEUS ALVES DOS CORREIA NETO,TECNOLOGIA DA INFORMACAO,OPERADOR DE LOJA,HORÁRIO NEGADO,GR5 - EDUARDO
08/01/2026,08:00:00,28638,JORGE LEITE,UTILIDADES DOMESTICAS - PLASTICOS,OPERADOR DE LOJA,HORÁRIO NEGADO,MARINA
08/01/2026,08:12:00,36635,ANA NEVES DA DUARTE,UTILIDADES DOMESTICAS - PLASTICOS,PROMOTOR(A),HORÁRIO NEGADO,JONAS
08/01/2026,08:20:00,19243,DANIEL RIBEIRO,CREDIARIO,AUX.ENTREGA EXTERNA,HORÁRIO NEGADO,GR1 - ADRIANO
08/01/2026,08:36:00,17088,FERNANDA LEANDRO ALVES DE MOREIRA,EXPEDICAO,AUX. ADMINISTRATIVO,HORÁRIO NEGADO,GR1 - ADRIANO
08/01/2026,08:58:00,36001,MARCOS DIAS,ACESSORIOS PARA BANHEIRO,AUX. DE ASSISTENCIA TECNICA,HORÁRIO NEGADO,GR4 - DENISE
08/01/2026,08:59:00,37399,JORGE FARIAS,LIMPEZA,AUX. DE ASSISTENCIA TECNICA,HORÁRIO NEGADO,LUCIO
08/01/2026,09:08:00,16410,CARLOS RICARDO MARTINS DE BARBOSA,CABOS E FIOS,OPERADOR DE EMPILHADEIRA,HORÁRIO NEGADO,JONAS
08/01/2026,09:44:00,21313,LUCIANA MACHADO DE NASCIMENTO,ACESSORIOS PARA BANHEIRO,SUPERVISOR DE VENDAS,HORÁRIO NEGADO,JONAS
08/01/2026,09:51:00,15233,SAMUEL NUNES DE ALVES,TINTAS E ACESSORIOS,CONFERENTE DE MERCADORIA,HORÁRIO NEGADO,LUCIO
08/01/2026,10:37:08,24042,JORGE SILVIA SOARES DE SOARES,ACESSORIOS PARA BANHEIRO,AUX.ENTREGA EXTERNA,HORÁRIO NEGADO,GRL - FLAVIA
08/01/2026,10:38:00,30219,ADRIANA THIAGO NOGUEIRA DE RIBEIRO,MATERIAL ELETRICO,PROMOTOR(A),HORÁRIO NEGADO,GR5 - EDUARDO
08/01/2026,10:47:00,33024,MATEUS ALVES DOS CORREIA NETO,TECNOLOGIA DA INFORMACAO,OPERADOR DE LOJA,HORÁRIO NEGADO,OSCAR
08/01/2026,11:05:00,27410,DIEGO LUCAS LOPES,RECURSOS HUMANOS,FRENTE DE LOJA,HORÁRIO NEGADO,GR4 - DENISE
08/01/2026,12:11:00,92617,HELENA MACHADO DA FARIAS,PREVENCAO DE PERDAS,AUX. DE ASSISTENCIA TECNICA,HORÁRIO NEGADO,HELIO
08/01/2026,13:00:42,15056,CARLA GOMES DOS VIEIRA FILHO,BALCAO DE FERRAMENTAS,OPERADOR DE COMPUTADOR,HORÁRIO NEGADO,GR5 - EDUARDO
08/01/2026,13:33:00,38049,ANA ANA COSTA,TRANSPORTE PESADO,TESOUREIRO,HORÁRIO NEGADO,KELLY
08/01/2026,14:03:38,17033,RICARDO NATALIA MELO,PISOS E REVESTIMENTOS,OPERADOR DE EMPILHADEIRA,HORÁRIO NEGADO,IARA
08/01/2026,16:16:20,39074,SERGIO SILVA DE SANTOS,BALCAO DE FERRAMENTAS,ATENDENTE,ADM,GR5 – EDUARDO
08/01/2026,17:19:00,32578,BEATRIZ DIAS DA PEREIRA,UTILIDADES DOMESTICAS - PRESENTES,CONFERENTE DE MERCADORIA,HORÁRIO NEGADO,GR2 - BEATRIZ
09/01/2026,08:01:00,17445,LUCAS WAGNER MACHADO,TINTAS E ACESSORIOS,MOTORISTA,HORÁRIO NEGADO,GR5 - EDUARDO
09/01/2026,08:55:52,22824,TARCISIO JOAO SILVA DA CARDOSO,JARDINAGEM,OPERADOR DE COMPUTADOR,HORÁRIO NEGADO,GR1 - ADRIANO
09/01/2026,09:09:00,28345,FERNANDA NASCIMENTO DOS PINHEIRO,TRANSPORTE PESADO,FRENTE DE LOJA,HORÁRIO NEGADO,MARINA
09/01/2026,09:14:00,21745,GISELE MENDES,METAIS SANITARIOS,ATENDENTE,HORÁRIO NEGADO,MARINA
09/01/2026,09:21:00,17142,LARISSA CLAUDIA LIMA,PREVENCAO DE PERDAS,PROMOTOR(A),HORÁRIO NEGADO,GR3 - CLARA
09/01/2026,09:27:00,19962,AMANDA MARCELO NUNES DA MELO,BALCAO DE FERRAMENTAS,AUX. DE ASSISTENCIA TECNICA,HORÁRIO NEGADO,IARA
09/01/2026,12:42:00,33957,DANIELA RAQUEL DUARTE,DEPOSITOS INTERNOS,AUX. ADMINISTRATIVO,HORÁRIO NEGADO,GRL - FLAVIA
09/01/2026,14:05:00,20780,MARIANA CORREIA DE SANTOS,TINTAS E ACESSORIOS,AUX. DE PREVENCAO DE PERDAS,HORÁRIO NEGADO,GR3 - CLARA
09/01/2026,14:41:05,22098,RODRIGO TATIANA ALVES DE DUARTE,METAIS SANITARIOS,AUX. DE ASSISTENCIA TECNICA,HORÁRIO NEGADO,GRL - FLAVIA
09/01/2026,15:15:00,18246,SAMUEL LIMA FILHO,TINTAS E ACESSORIOS,OPERADOR DE EMPILHADEIRA,HORÁRIO NEGADO,JONAS
09/01/2026,15:29:00,24941,CLAUDIA CARLA MARTINS DE LEITE,UTILIDADES DOMESTICAS - PLASTICOS,MOTORISTA,HORÁRIO NEGADO,GR1 - ADRIANO
09/01/2026,15:50:00,22665,BRUNO VIVIANE LEITE DOS SILVA,UTILIDADES DOMESTICAS - PRESENTES,AUX. DE DEPOSITO,HORÁRIO NEGADO,IARA
09/01/2026,15:55:00,29034,RODRIGO NEVES,DEPOSITOS INTERNOS,APROVADOR DE CREDITO,HORÁRIO NEGADO,JONAS
09/01/2026,16:22:00,35557,NATALIA LIMA DOS VIEIRA JUNIOR,CAIXA,AUX. DE PREVENCAO DE PERDAS,HORÁRIO NEGADO,GR2 - BEATRIZ
09/01/2026,18:59:00,30499,ISABELA SILVA DOS PINHEIRO,0,FRENTE DE LOJA,HORÁRIO NEGADO,LUCIO
09/01/2026,19:09:00,39074,SERGIO SILVA DE SANTOS,BALCAO DE FERRAMENTAS,ATENDENTE,FOLGA FIXA,GR5 - EDUARDO
10/01/2026,08:13:00,26458,MARCELO FERNANDA LEITE DE LOPES,TESOURARIA,OPERADOR DE EMPILHADEIRA,HORÁRIO NEGADO,LUCIO
10/01/2026,08:18:00,27637,TATIANA FARIAS DE NASCIMENTO,FRENTE DE LOJA,FRENTE DE LOJA,HORÁRIO NEGADO,GR1 - ADRIANO
10/01/2026,08:25:00,23118,ROSANA RODRIGO MACHADO DA MOREIRA,VENDAS,VENDEDOR,HORÁRIO NEGADO,JONAS
10/01/2026,08:27:00,35747,RENATA BEATRIZ CUNHA,MANUTENCAO INFRAESTRUTURA,ATENDENTE,HORÁRIO NEGADO,HELIO
10/01/2026,08:54:00,,SANDRA,JARDINAGEM,AUX. ADMINISTRATIVO,HORÁRIO NEGADO,GR5 - EDUARDO
10/01/2026,09:10:00,16876,AMANDA CARLOS FERNANDES,PISOS E REVESTIMENTOS,TESOUREIRO,HORÁRIO NEGADO,GR3 - CLARA
10/01/2026,09:24:00,97855,NATALIA ROCHA JUNIOR,BALCAO DE FERRAMENTAS,ELETRICISTA,FOLGA FIXA,JONAS
10/01/2026,10:28:00,17763,LEANDRO MELO DE MARTINS,MOVEIS E COZINHAS,AUX.ENTREGA EXTERNA,HORÁRIO NEGADO,GR1 - ADRIANO
10/01/2026,11:10:00,27207,LARISSA TEIXEIRA DE FARIAS,DEPOSITOS INTERNOS,VENDEDOR,HORÁRIO NEGADO,MARINA
10/01/2026,11:16:00,35003,MATEUS SANDRA CARDOSO,ELETRODOMESTICOS-ELETROPORTATEIS,OPERADOR DE COMPUTADOR,HORÁRIO NEGADO,GR1 - ADRIANO
10/01/2026,13:01:00,36433,TARCISIO SANTOS,DEPOSITOS INTERNOS,AUX.ENTREGA EXTERNA,HORÁRIO NEGADO,GR1 - ADRIANO
10/01/2026,13:54:35,16410,CARLOS RICARDO MARTINS DE BARBOSA,CABOS E FIOS,OPERADOR DE EMPILHADEIRA,HORÁRIO NEGADO,GR3 - CLARA
10/01/2026,14:57:00,15228,IGOR ALVES DOS FERNANDES,MATERIAL ELETRICO,AUXILIAR DE LIMPEZA SANITARIA,HORÁRIO NEGADO,LUCIO
10/01/2026,15:30:00,32131,RAQUEL RIBEIRO,METAIS SANITARIOS,OPERADOR DE LOJA,HORÁRIO NEGADO,GRL - FLAVIA
10/01/2026,16:26:00,28339,RENATA FERNANDA SOARES,ENTREGA,MOTORISTA,HORÁRIO NEGADO,KELLY
10/01/2026,16:38:00,26883,PEDRO TEIXEIRA DA VIEIRA,RECEPCAO DE MERCADORIA - LOJA,MOTORISTA,HORÁRIO NEGADO,GRL – FLAVIA
10/01/2026,17:02:00,18797,VICTOR MELO DOS CORREIA,UTILIDADES DOMESTICAS - PLASTICOS,AUXILIAR DE LIMPEZA SANITARIA,HORÁRIO NEGADO,MARINA
11/01/2026,07:52:00,38777,DIEGO BARBOSA DA CUNHA,CABOS E FIOS,AUX. DE DEPOSITO,HORÁRIO NEGADO,GR3 - CLARA
11/01/2026,08:02:00,37399,JORGE FARIAS,LIMPEZA,AUX. DE ASSISTENCIA TECNICA,HORÁRIO NEGADO,GR2 - BEATRIZ
11/01/2026,08:18:00,25348,TARCISIO GISELE MARTINS DOS CARDOSO NETO,PREVENCAO DE PERDAS,AUX.ENTREGA EXTERNA,HORÁRIO NEGADO,GR1 - ADRIANO
11/01/2026,08:19:00,20627,CAIO RAMOS DA NUNES JUNIOR,CAIXA,AUX. DE PREVENCAO DE PERDAS,ESQUECEU CRACHÁ,GR1 - ADRIANO
11/01/2026,08:23:00,37341,DIEGO CORREIA,JARDINAGEM,TESOUREIRO,HORÁRIO NEGADO,GR3 - CLARA
11/01/2026,08:37:00,36796,IVAN FREITAS,FRENTE DE LOJA,SUPERVISOR DE VENDAS,HORÁRIO NEGADO,GR5 - EDUARDO
11/01/2026,08:56:00,18701,ISABELA RENATA NOGUEIRA DOS LOPES,DEPOSITOS INTERNOS,CONFERENTE DE MERCADORIA,HORÁRIO NEGADO,GRL - FLAVIA
11/01/2026,09:03:00,36529,HELENA MACHADO DA FARIAS,PREVENCAO DE PERDAS,AUX. DE ASSISTENCIA TECNICA,HORÁRIO NEGADO,LUCIO
11/01/2026,09:16:11,34886,HELENA MARIANA FREITAS,BALCAO DE FERRAMENTAS,TESOUREIRO,HORÁRIO NEGADO,LUCIO
11/01/2026,09:30:18,28630,SANDRA LEITE,EXPEDICAO,FRENTE DE LOJA,HORÁRIO NEGADO,KELLY
11/01/2026,10:33:00,31497,CARLA MENDES DE FARIAS,TINTAS E ACESSORIOS,APRENDIZ EM SERVICOS VENDAS,HORÁRIO NEGADO,GR3 - CLARA
11/01/2026,10:51:00,34904,CAIO REIS,PISOS E REVESTIMENTOS,ELETRICISTA,HORÁRIO NEGADO,GR1 - ADRIANO
11/01/2026,11:13:00,18879,ELIAS NUNES DA NUNES,TRANSPORTE PESADO,AUX. DE DEPOSITO,HORÁRIO NEGADO,GR1 - ADRIANO
11/01/2026,11:40:00,15603,DIEGO PINHEIRO DE RIBEIRO,LIMPEZA,OPERADOR DE LOJA,HORÁRIO NEGADO,KELLY
11/01/2026,12:14:00,36433,TARCISIO SANTOS,DEPOSITOS INTERNOS,AUX.ENTREGA EXTERNA,HORÁRIO NEGADO,GR3 - CLARA
11/01/2026,12:57:00,39930,JOAO TEIXEIRA NETO,MANUTENCAO INFRAESTRUTURA,OPERADOR DE EMPILHADEIRA,HORÁRIO NEGADO,HELIO
11/01/2026,13:55:04,29156,MARCIA DIAS,MOVEIS,OPERADOR DE EMPILHADEIRA,HORÁRIO NEGADO,MARINA
11/01/2026,14:55:00,32692,MARCIA PINHEIRO,TESOURARIA,AUX. ADMINISTRATIVO,OUTRA FILIAL,GRL - FLAVIA
11/01/2026,16:08:06,37534,ANA DIAS,TESOURARIA,SUPERVISOR DE VENDAS,HORÁRIO NEGADO,GRL - FLAVIA
11/01/2026,17:25:00,27207,LARISSA TEIXEIRA DE FARIAS,DEPOSITOS INTERNOS,VENDEDOR,HORÁRIO NEGADO,GR2 - BEATRIZ
11/01/2026,17:35:00,33620,FERNANDA VANESSA GOMES FILHO,TRANSPORTE PESADO,OPERADOR DE EMPILHADEIRA,ESQUECEU CRACHÁ,GR1 - ADRIANO
11/01/2026,18:39:00,17696,IGOR LEANDRO LEITE FILHO,RECURSOS HUMANOS,AUX.ENTREGA EXTERNA,HORÁRIO NEGADO,JONAS
12/01/2026,08:05:00,19174,SILVIA SILVA,RECEPCAO DE MERCADORIA - LOJA,CONFERENTE DE MERCADORIA,HORÁRIO NEGADO,GR1 - ADRIANO
12/01/2026,08:05:00,19745,WAGNER PINHEIRO DOS SANTOS JUNIOR,UTILIDADES DOMESTICAS - PLASTICOS,FRENTE DE LOJA,HORÁRIO NEGADO,GR1 - ADRIANO
12/01/2026,08:18:00,15260,RAQUEL FREITAS DA LEITE,TESOURARIA,VENDEDOR,OUTRA FILIAL,HELIO
12/01/2026,08:33:00,28818,BEATRIZ DUARTE,BALCAO DE FERRAMENTAS,AUX. DE PREVENCAO DE PERDAS,HORÁRIO NEGADO,GR1 - ADRIANO
12/01/2026,08:40:00,17763,LEANDRO MELO DE MARTINS,MOVEIS E COZINHAS,AUX.ENTREGA EXTERNA,HORÁRIO NEGADO,MARINA
12/01/2026,09:15:00,21183,MARCOS NOGUEIRA,MOVEIS E COZINHAS,OPERADOR DE COMPUTADOR,HORÁRIO NEGADO,OSCAR
12/01/2026,09:56:47,39641,RODRIGO ALINE NOGUEIRA,VENDAS,AUX. DE ASSISTENCIA TECNICA,HORÁRIO NEGADO,GR1 - ADRIANO
12/01/2026,10:05:00,16317,PATRICIA NOGUEIRA,VENDAS,AUX. DE PREVENCAO DE PERDAS,ADM,HELIO
12/01/2026,10:13:00,15056,CARLA GOMES DOS VIEIRA FILHO,BALCAO DE FERRAMENTAS,OPERADOR DE COMPUTADOR,HORÁRIO NEGADO,LUCIO
12/01/2026,10:19:00,15871,HELENA PINHEIRO,PISOS E REVESTIMENTOS,APROVADOR DE CREDITO,HORÁRIO NEGADO,JONAS
12/01/2026,10:34:05,36921,CARLOS IGOR REIS DOS TEIXEIRA,VENDAS,OPERADOR DE LOJA,HORÁRIO NEGADO,GR5 - EDUARDO
12/01/2026,11:41:00,30613,DIEGO JOAO MOREIRA,CABOS E FIOS,AUX. ADMINISTRATIVO,HORÁRIO NEGADO,GR3 - CLARA
12/01/2026,11:44:00,22371,CAMILA JULIANA PEREIRA DE MACHADO,TESOURARIA,APRENDIZ EM SERVICOS VENDAS,ARMÁRIO,GR3 - CLARA
12/01/2026,12:49:00,28270,TARCISIO ELIAS ROCHA DOS COSTA,UTILIDADES DOMESTICAS - PLASTICOS,APROVADOR DE CREDITO,HORÁRIO NEGADO,IARA
12/01/2026,12:54:00,31371,DIEGO GOMES DA REIS,ENTREGA,VENDEDOR,HORÁRIO NEGADO,GR1 - ADRIANO
12/01/2026,13:37:00,15233,SAMUEL NUNES DE ALVES,TINTAS E ACESSORIOS,CONFERENTE DE MERCADORIA,FOLGA FIXA,GRL - FLAVIA
12/01/2026,14:07:00,35367,HELENA FERNANDES DOS PEREIRA,ENTREGA,AUX.ENTREGA EXTERNA,HORÁRIO NEGADO,MARINA
13/01/2026,07:55:35,27943,CLAUDIA ELIAS COSTA DOS SOUZA,ELETRODOMESTICOS-ELETROPORTATEIS,AUX. DE PREVENCAO DE PERDAS,HORÁRIO NEGADO,GR5 - EDUARDO
13/01/2026,08:08:00,28211,VICTOR FABIANA PEREIRA DE DIAS,MANUTENCAO INFRAESTRUTURA,VENDEDOR,FOLGA FIXA,GRL - FLAVIA
13/01/2026,08:51:00,26450,ALINE MARCELO MELO,MOVEIS,OPERADOR DE COMPUTADOR,HORÁRIO NEGADO,GR5 - EDUARDO
13/01/2026,09:21:00,17074,RODRIGO IVAN LOPES DOS TEIXEIRA,RECURSOS HUMANOS,AUX.ENTREGA EXTERNA,HORÁRIO NEGADO,KELLY
13/01/2026,09:53:00,26458,MARCELO FERNANDA LEITE DE LOPES,TESOURARIA,OPERADOR DE EMPILHADEIRA,HORÁRIO NEGADO,GR1 - ADRIANO
13/01/2026,11:38:00,17570,FELIPE NATALIA CORREIA DOS SOUZA,ELETRODOMESTICOS-ELETROPORTATEIS,SUPERVISOR DE VENDAS,HORÁRIO NEGADO,GR2 - BEATRIZ
13/01/2026,10:05:00,21730,JANAINA SANDRA REIS,UTILIDADES DOMESTICAS - PLASTICOS,VENDEDOR,HORÁRIO NEGADO,GR5 - EDUARDO
13/01/2026,10:39:00,20515,CARLA LIMA DA REIS,CAIXA,VENDEDOR,HORÁRIO NEGADO,IARA
13/01/2026,11:06:04,33891,JOANA SERGIO PINHEIRO DOS MELO,ELETRODOMESTICOS-ELETROPORTATEIS,ELETRICISTA,HORÁRIO NEGADO,GRL - FLAVIA
13/01/2026,11:24:00,15284,CARLA FARIAS,TECNOLOGIA DA INFORMACAO,APROVADOR DE CREDITO,HORÁRIO NEGADO,KELLY
13/01/2026,11:38:00,17570,FELIPE NATALIA CORREIA DOS SOUZA,ELETRODOMESTICOS-ELETROPORTATEIS,SUPERVISOR DE VENDAS,HORÁRIO NEGADO,GR2 - BEATRIZ
13/01/2026,12:45:01,17687,JORGE IVAN FREITAS,TESOURARIA,AUX. DE PREVENCAO DE PERDAS,ARMÁRIO,OSCAR
13/01/2026,13:37:37,28041,IVAN COSTA DOS ROCHA,EXPEDICAO,APROVADOR DE CREDITO,HORÁRIO NEGADO,LUCIO
13/01/2026,13:56:00,25263,SANDRA TATIANA SOARES DOS TEIXEIRA,LIMPEZA,AUX. DE ASSISTENCIA TECNICA,HORÁRIO NEGADO,MARINA
13/01/2026,16:29:00,19745,WAGNER PINHEIRO DOS SANTOS JUNIOR,UTILIDADES DOMESTICAS - PLASTICOS,FRENTE DE LOJA,HORÁRIO NEGADO,NILDO
13/01/2026,16:40:00,24042,JORGE SILVIA SOARES DE SOARES,ACESSORIOS PARA BANHEIRO,AUX.ENTREGA EXTERNA,HORÁRIO NEGADO,IARA
13/01/2026,17:12:45,35003,MATEUS SANDRA CARDOSO,ELETRO,OPERADOR DE COMPUTADOR,HORÁRIO NEGADO,GR1 - ADRIANO
13/01/2026,17:55:00,24042,JORGE SILVIA SOARES DE SOARES,ACESSORIOS PARA BANHEIRO,AUX.ENTREGA EXTERNA,HORÁRIO NEGADO,GRL - FLAVIA
14/01/2026,09:15:28,17862,GUSTAVO CARLA FERNANDES DA BARBOSA,MATERIAL ELETRICO,AUX. DE PREVENCAO DE PERDAS,HORÁRIO NEGADO,MARINA
14/01/2026,09:47:01,17200,NATALIA TEIXEIRA DA LEITE,ACESSORIOS PARA BANHEIRO,OPERADOR DE LOJA,HORÁRIO NEGADO,JONAS
14/01/2026,10:43:00,26458,MARCELO FERNANDA LEITE DE LOPES,TESOURARIA,OPERADOR DE EMPILHADEIRA,HORÁRIO NEGADO,JONAS
14/01/2026,12:05:00,18025,ROSANA GOMES DOS MARTINS,MATERIAL ELETRICO,OPERADOR DE EMPILHADEIRA,HORÁRIO NEGADO,GR1 - ADRIANO
14/01/2026,12:51:00,23448,RODRIGO EDUARDO MOREIRA DOS NUNES NETO,MOVEIS E COZINHAS,AUXILIAR DE LIMPEZA SANITARIA,HORÁRIO NEGADO,GR3 - CLARA
14/01/2026,13:32:00,,ROSANA,TESOURARIA,APRENDIZ EM SERVICOS VENDAS,HORÁRIO NEGADO,JONAS
14/01/2026,13:58:01,31415,RAQUEL LIMA,LIMPEZA,VENDEDOR,HORÁRIO NEGADO,GR4 - DENISE
14/01/2026,14:36:00,18025,ROSANA GOMES DOS MARTINS,MATERIAL ELETRICO,OPERADOR DE EMPILHADEIRA,HORÁRIO NEGADO,JONAS
14/01/2026,15:19:37,31336,SERGIO AMANDA FARIAS DOS PEREIRA,MANUTENCAO INFRAESTRUTURA,OPERADOR DE COMPUTADOR,HORÁRIO NEGADO,GRL - FLAVIA
14/01/2026,15:29:00,32478,NATALIA LEITE DE RIBEIRO,VENDAS,FRENTE DE LOJA,HORÁRIO NEGADO,GR5 - EDUARDO
14/01/2026,16:32:00,23971,ANA CUNHA DA CUNHA,TRANSPORTE PESADO,AUX. DE PREVENCAO DE PERDAS,HORÁRIO NEGADO,IARA
14/01/2026,18:31:35,27604,MATEUS RAMOS DA LOPES,CAIXA,AUX. DE ASSISTENCIA TECNICA,HORÁRIO NEGADO,MARINA
14/01/2026,18:46:00,35399,MARCIA PEREIRA,0,OPERADOR DE EMPILHADEIRA,FOLGA FIXA,GR5 - EDUARDO
15/01/2026,07:59:00,38273,ADRIANA JOAO SOARES,METAIS SANITARIOS,CONFERENTE DE MERCADORIA,HORÁRIO NEGADO,GR1 - ADRIANO
15/01/2026,08:05:03,31279,RICARDO JOANA FERNANDES DOS SOARES NETO,BALCAO DE FERRAMENTAS,OPERADOR DE COMPUTADOR,HORÁRIO NEGADO,GR1 - ADRIANO
15/01/2026,08:36:00,21343,SERGIO PEREIRA,ACESSORIOS PARA BANHEIRO,SUPERVISOR DE VENDAS,HORÁRIO NEGADO,GR5 - EDUARDO
15/01/2026,09:04:00,16782,JANAINA TEIXEIRA,TESOURARIA,AUX. DE DEPOSITO,HORÁRIO NEGADO,LUCIO
15/01/2026,09:09:00,34075,EDUARDO MENDES,RECURSOS HUMANOS,OPERADOR DE EMPILHADEIRA,HORÁRIO NEGADO,KELLY
15/01/2026,09:17:00,29379,SANDRA SERGIO MENDES,JARDINAGEM,AUX. ADMINISTRATIVO,HORÁRIO NEGADO,GR3 - CLARA
15/01/2026,09:22:48,15284,CARLA FARIAS,TECNOLOGIA DA INFORMACAO,APROVADOR DE CREDITO,HORÁRIO NEGADO,GR3 - CLARA
15/01/2026,09:32:00,38263,SAMUEL GOMES DE SOUZA,CAIXA,AUX.ENTREGA EXTERNA,HORÁRIO NEGADO,JONAS
15/01/2026,09:33:00,22160,DANIEL AMANDA GOMES,MANUTENCAO INFRAESTRUTURA,APROVADOR DE CREDITO,HORÁRIO NEGADO,LUCIO
15/01/2026,09:46:00,24760,CRISTIANE LUCAS MOREIRA DOS BARBOSA,TECNOLOGIA DA INFORMACAO,AUX. DE ASSISTENCIA TECNICA,HORÁRIO NEGADO,JONAS
15/01/2026,09:47:00,16908,OTAVIO ALINE MENDES DA SOUZA,CREDIARIO,AUX. DE PREVENCAO DE PERDAS,OUTRA FILIAL,GR2 – BEATRIZ
15/01/2026,10:07:25,38104,LEANDRO PINHEIRO DOS ROCHA,CABOS E FIOS,APROVADOR DE CREDITO,HORÁRIO NEGADO,KELLY
15/01/2026,10:32:00,,GUSTAVO,MATERIAL ELETRICO,AUX. DE PREVENCAO DE PERDAS,HORÁRIO NEGADO,GR5 - EDUARDO
15/01/2026,11:30:00,22816,FELIPE DIAS DE TEIXEIRA,DEPOSITOS INTERNOS,OPERADOR DE LOJA,HORÁRIO NEGADO,GR5 - EDUARDO
15/01/2026,11:30:22,24487,FELIPE JORGE REIS DA MACHADO,TESOURARIA,PROMOTOR(A),HORÁRIO NEGADO,JONAS
15/01/2026,11:48:00,26896,ROSANA SOUZA,TESOURARIA,APRENDIZ EM SERVICOS VENDAS,HORÁRIO NEGADO,GR1 - ADRIANO
15/01/2026,13:01:01,37810,RODRIGO RAQUEL SANTOS DOS MOREIRA,RECURSOS HUMANOS,VENDEDOR,HORÁRIO NEGADO,GRL - FLAVIA
15/01/2026,14:56:00,37563,BRUNO SIMONE FERNANDES,RECEPCAO DE MERCADORIA - LOJA,ELETRICISTA,HORÁRIO NEGADO,KELLY
15/01/2026,15:16:00,30709,CAIO AMANDA RIBEIRO DOS COSTA,RECEPCAO DE MERCADORIA - LOJA,TESOUREIRO,HORÁRIO NEGADO,GR3 - CLARA
15/01/2026,16:02:00,34588,WAGNER CUNHA,MANUTENCAO INFRAESTRUTURA,PROMOTOR(A),HORÁRIO NEGADO,GR3 - CLARA
15/01/2026,16:02:00,19770,LEANDRO GABRIEL COSTA,CABOS E FIOS,OPERADOR DE LOJA,HORÁRIO NEGADO,JONAS
15/01/2026,16:17:00,27993,CAIO PRISCILA MACHADO,ELETRODOMESTICOS-ELETROPORTATEIS,CONFERENTE DE MERCADORIA,HORÁRIO NEGADO,HELIO
15/01/2026,18:27:12,32578,BEATRIZ DIAS DA PEREIRA,UTILIDADES DOMESTICAS - PRESENTES,CONFERENTE DE MERCADORIA,HORÁRIO NEGADO,GR5 - EDUARDO
15/01/2026,19:08:00,18246,SAMUEL LIMA FILHO,TINTAS E ACESSORIOS,OPERADOR DE EMPILHADEIRA,HORÁRIO NEGADO,GR1 - ADRIANO
16/01/2026,08:32:00,35278,JOAO ELIAS PINHEIRO DE NASCIMENTO,LIMPEZA,APROVADOR DE CREDITO,ARMÁRIO,GR5 - EDUARDO
16/01/2026,08:32:00,36433,TARCISIO SANTOS,DEPOSITOS INTERNOS,AUX.ENTREGA EXTERNA,HORÁRIO NEGADO,GR1 - ADRIANO
16/01/2026,09:00:11,36140,TATIANA PEDRO CORREIA DOS GOMES,TESOURARIA,MOTORISTA,HORÁRIO NEGADO,GR3 - CLARA
16/01/2026,09:15:00,17696,IGOR LEANDRO LEITE FILHO,RECURSOS HUMANOS,AUX.ENTREGA EXTERNA,RH,OSCAR
16/01/2026,09:31:27,19518,HELENA DUARTE NETO,EXPEDICAO,PROMOTOR(A),ARMÁRIO,GR1 - ADRIANO
16/01/2026,10:34:00,36542,OTAVIO RAFAEL MARTINS DA LOPES,CREDIARIO,AUX. DE ASSISTENCIA TECNICA,HORÁRIO NEGADO,GR3 - CLARA
16/01/2026,10:56:00,33024,MATEUS ALVES DOS CORREIA NETO,TECNOLOGIA DA INFORMACAO,OPERADOR DE LOJA,HORÁRIO NEGADO,LUCIO
16/01/2026,11:08:00,36030,PRISCILA SILVA DA MOREIRA,UTILIDADES DOMESTICAS - PLASTICOS,AUXILIAR DE LIMPEZA SANITARIA,HORÁRIO NEGADO,GR1 - ADRIANO
16/01/2026,11:17:00,17142,LARISSA CLAUDIA LIMA,PREVENCAO DE PERDAS,PROMOTOR(A),HORÁRIO NEGADO,GR3 - CLARA
16/01/2026,11:31:00,18440,GABRIEL BEATRIZ RAMOS DOS FREITAS,MATERIAL ELETRICO,AUX. ADMINISTRATIVO,ESQUECEU CRACHÁ,LUCIO
16/01/2026,12:09:00,15342,NATALIA MELO DA MACHADO,TECNOLOGIA DA INFORMACAO,APROVADOR DE CREDITO,HORÁRIO NEGADO,JONAS
16/01/2026,12:57:00,,IVAN,CAIXA,AUX.ENTREGA EXTERNA,ARMARIOS,GR1 – ADRIANO
16/01/2026,13:29:22,18440,GABRIEL BEATRIZ RAMOS DOS FREITAS,MATERIAL ELETRICO,AUX. ADMINISTRATIVO,HORÁRIO NEGADO,QUEZIA
16/01/2026,13:36:00,22620,PATRICIA ISABELA FERNANDES FILHO,0,APROVADOR DE CREDITO,PERDEU CRACHÁ,GRL - FLAVIA
16/01/2026,15:22:00,29334,LARISSA EDUARDO PINHEIRO DE SANTOS,TINTAS E ACESSORIOS,AUX. DE DEPOSITO,FOLGA FIXA,IARA
16/01/2026,16:12:00,15082,NATALIA ROCHA JUNIOR,BALCAO DE FERRAMENTAS,ELETRICISTA,HORÁRIO NEGADO,LUCIO
16/01/2026,17:35:00,32478,NATALIA LEITE DE RIBEIRO,VENDAS,FRENTE DE LOJA,HORÁRIO NEGADO,GR5 - EDUARDO
16/01/2026,18:39:00,24020,OTAVIO NUNES,CREDIARIO,TESOUREIRO,HORÁRIO NEGADO,MARINA
12/01/2026,10:34:05,36921,CARLOS IGOR REIS DOS TEIXEIRA,VENDAS,OPERADOR DE LOJA,HORÁRIO NEGADO,GR5 - EDUARDO
17/01/2026,08:00:32,35270,LUCIANA CAMILA TEIXEIRA DA MACHADO,TECNOLOGIA DA INFORMACAO,FRENTE DE LOJA,HORÁRIO NEGADO,HELIO
17/01/2026,08:41:00,30219,ADRIANA THIAGO NOGUEIRA DE RIBEIRO,MATERIAL ELETRICO,PROMOTOR(A),HORÁRIO NEGADO,LUCIO
17/01/2026,09:20:00,34588,WAGNER CUNHA,MANUTENCAO INFRAESTRUTURA,PROMOTOR(A),ARMÁRIO,OSCAR
17/01/2026,10:49:10,31764,PEDRO LUCIANA PEREIRA,RECURSOS HUMANOS,ATENDENTE,HORÁRIO NEGADO,IARA
17/01/2026,11:11:00,31776,ELIAS GUSTAVO FARIAS DE FARIAS,TINTAS E ACESSORIOS,OPERADOR DE EMPILHADEIRA,HORÁRIO NEGADO,GRL - FLAVIA
17/01/2026,12:02:00,33834,CARLOS TATIANA MOREIRA,BALCAO DE FERRAMENTAS,AUX. DE DEPOSITO,HORÁRIO NEGADO,GR1 - ADRIANO
17/01/2026,13:01:28,16234,VANESSA ALINE MOREIRA,LIMPEZA,VENDEDOR,HORÁRIO NEGADO,HELIO
17/01/2026,13:16:00,16971,TARCISIO RAQUEL BARBOSA,ELETRODOMESTICOS-ELETROPORTATEIS,FRENTE DE LOJA,HORÁRIO NEGADO,MARINA
17/01/2026,13:38:19,15871,HELENA PINHEIRO,PISOS E REVESTIMENTOS,APROVADOR DE CREDITO,HORÁRIO NEGADO,JONAS
17/01/2026,13:44:00,39191,MARIANA PEREIRA,RECEPCAO DE MERCADORIA - LOJA,OPERADOR DE COMPUTADOR,HORÁRIO NEGADO,GRL - FLAVIA
18/01/2026,08:20:12,36271,IGOR MOREIRA NETO,UTILIDADES DOMESTICAS - PRESENTES,FRENTE DE LOJA,HORÁRIO NEGADO,JONAS
18/01/2026,08:32:00,31415,RAQUEL LIMA,LIMPEZA,VENDEDOR,OUTRA FILIAL,OSCAR
18/01/2026,08:37:00,25277,PEDRO VANESSA RIBEIRO DA SILVA,RECEPCAO DE MERCADORIA - LOJA,CONFERENTE DE MERCADORIA,HORÁRIO NEGADO,GR1 - ADRIANO
18/01/2026,09:02:00,,MARCIA,MOVEIS E COZINHAS,OPERADOR DE EMPILHADEIRA,HORÁRIO NEGADO,GR3 - CLARA
18/01/2026,09:14:00,25644,RICARDO LIMA,BALCAO DE FERRAMENTAS,VENDEDOR,PERDEU CRACHÁ,GR1 – ADRIANO
18/01/2026,09:32:00,30901,MARCIA AMANDA MELO DA TEIXEIRA,TINTAS E ACESSORIOS,APROVADOR DE CREDITO,HORÁRIO NEGADO,GR1 - ADRIANO
18/01/2026,09:42:00,29023,MARCOS AMANDA CUNHA DA MARTINS,MANUTENCAO INFRAESTRUTURA,OPERADOR DE LOJA,HORÁRIO NEGADO,GR3 - CLARA
18/01/2026,10:07:00,29247,VIVIANE CRISTIANE RIBEIRO DE MENDES,TESOURARIA,OPERADOR DE LOJA,HORÁRIO NEGADO,GR3 - CLARA
18/01/2026,10:33:00,31367,JANAINA CARDOSO DOS RAMOS,ELETRODOMESTICOS-ELETROPORTATEIS,AUXILIAR DE LIMPEZA SANITARIA,HORÁRIO NEGADO,NILDO
18/01/2026,10:35:00,27637,TATIANA FARIAS DE NASCIMENTO,FRENTE DE LOJA,FRENTE DE LOJA,HORÁRIO NEGADO,LUCIO
18/01/2026,10:40:00,23771,BEATRIZ AMANDA PEREIRA DA BARBOSA,METAIS SANITARIOS,OPERADOR DE COMPUTADOR,HORÁRIO NEGADO,GR1 - ADRIANO
18/01/2026,11:25:00,37994,SANDRA JOAO BARBOSA DOS COSTA,TINTAS E ACESSORIOS,APRENDIZ EM SERVICOS VENDAS,HORÁRIO NEGADO,MARINA
18/01/2026,11:37:00,37341,DIEGO CORREIA,JARDINAGEM,TESOUREIRO,HORÁRIO NEGADO,LUCIO
18/01/2026,11:39:04,39276,RODRIGO SOUZA,PISOS E REVESTIMENTOS,SUPERVISOR DE VENDAS,HORÁRIO NEGADO,GR4 - DENISE
18/01/2026,13:13:17,17696,IGOR LEANDRO LEITE FILHO,RECURSOS HUMANOS,AUX.ENTREGA EXTERNA,HORÁRIO NEGADO,GR3 - CLARA
18/01/2026,13:50:00,20739,EDUARDO RAFAEL CORREIA,RECEPCAO DE MERCADORIA - LOJA,AUX. ADMINISTRATIVO,HORÁRIO NEGADO,GR3 - CLARA
18/01/2026,14:07:00,20061,RODRIGO PATRICIA COSTA,JARDINAGEM,OPERADOR DE LOJA,HORÁRIO NEGADO,GRL - FLAVIA
18/01/2026,14:14:00,21581,DIEGO DANIELA FREITAS,METAIS SANITARIOS,ELETRICISTA,HORÁRIO NEGADO,LUCIO
18/01/2026,15:17:00,31279,RICARDO JOANA FERNANDES DOS SOARES NETO,BALCAO DE FERRAMENTAS,OPERADOR DE COMPUTADOR,HORÁRIO NEGADO,GR1 - ADRIANO
19/01/2026,07:46:27,31362,THIAGO VICTOR LOPES DE DUARTE,ACESSORIOS PARA BANHEIRO,AUX. ADMINISTRATIVO,HORÁRIO NEGADO,GR1 - ADRIANO
19/01/2026,08:12:00,38263,SAMUEL GOMES DE SOUZA,CAIXA,AUX.ENTREGA EXTERNA,HORÁRIO NEGADO,GR5 - EDUARDO
19/01/2026,08:34:00,23971,ANA CUNHA DA CUNHA,TRANSPORTE PESADO,AUX. DE PREVENCAO DE PERDAS,HORÁRIO NEGADO,IARA
19/01/2026,09:11:00,37534,ANA DIAS,TESOURARIA,SUPERVISOR DE VENDAS,HORÁRIO NEGADO,GR5 - EDUARDO
19/01/2026,10:27:00,32928,EDUARDO TEIXEIRA DOS CARDOSO,BALCAO DE FERRAMENTAS,VENDEDOR,OUTRA FILIAL,GR3 - CLARA
19/01/2026,11:53:00,22845,MARCELO DANIEL SOARES DOS NUNES,BALCAO DE FERRAMENTAS,OPERADOR DE LOJA,RH,GR1 - ADRIANO
19/01/2026,12:55:04,19613,DANIEL SILVA,VENDAS,ELETRICISTA,HORÁRIO NEGADO,LUCIO
19/01/2026,13:06:00,27838,ANA FREITAS DA CARDOSO JUNIOR,RECURSOS HUMANOS,AUX. DE PREVENCAO DE PERDAS,HORÁRIO NEGADO,GRL - FLAVIA
19/01/2026,14:52:00,20035,IGOR BARBOSA DOS RIBEIRO,CABOS E FIOS,AUX. DE ASSISTENCIA TECNICA,HORÁRIO NEGADO,NILDO
19/01/2026,15:33:00,30709,CAIO AMANDA RIBEIRO DOS COSTA,RECEPCAO DE MERCADORIA - LOJA,TESOUREIRO,HORÁRIO NEGADO,GR5 - EDUARDO
19/01/2026,15:34:00,34340,JOAO RAQUEL LOPES DE CORREIA,RECEPCAO DE MERCADORIA - LOJA,OPERADOR DE COMPUTADOR,HORÁRIO NEGADO,QUEZIA
19/01/2026,15:50:00,37904,PEDRO NATALIA FREITAS DOS PINHEIRO,PISOS E REVESTIMENTOS,ATENDENTE,HORÁRIO NEGADO,GR1 - ADRIANO
19/01/2026,16:57:00,31187,PRISCILA MATEUS COSTA DE COSTA,Móveis e Cozinhas,CONFERENTE DE MERCADORIA,HORÁRIO NEGADO,GR5 - EDUARDO
19/01/2026,17:37:38,28358,CRISTIANE JULIANA SOARES,TINTAS E ACESSORIOS,VENDEDOR,HORÁRIO NEGADO,GR2 - BEATRIZ
19/01/2026,17:57:00,38328,DANIELA GABRIEL MARTINS DOS MARTINS,MATERIAL ELETRICO,MOTORISTA,HORÁRIO NEGADO,GR1 - ADRIANO
20/01/2026,08:52:44,35070,AMANDA LEANDRO LEITE,CAIXA,AUX. DE PREVENCAO DE PERDAS,HORÁRIO NEGADO,MARINA
20/01/2026,09:49:00,32792,CRISTIANE TARCISIO MELO DA LIMA,0,TESOUREIRO,HORÁRIO NEGADO,HELIO
20/01/2026,10:37:43,23833,OTAVIO SILVA DA MACHADO,EXPEDICAO,APRENDIZ EM SERVICOS VENDAS,HORÁRIO NEGADO,GR2 - BEATRIZ
20/01/2026,10:48:25,35392,PRISCILA FELIPE NASCIMENTO,UTILIDADES DOMESTICAS - PLASTICOS,AUX. DE PREVENCAO DE PERDAS,HORÁRIO NEGADO,MARINA
20/01/2026,11:28:00,15260,RAQUEL FREITAS DA LEITE,TESOURARIA,VENDEDOR,HORÁRIO NEGADO,LUCIO
20/01/2026,11:34:00,98969,TARCISIO FERNANDA LOPES,ENTREGA,MOTORISTA,HORÁRIO NEGADO,HELIO
20/01/2026,11:36:00,37409,MARIANA MARTINS,TINTAS E ACESSORIOS,MOTORISTA,HORÁRIO NEGADO,IARA
20/01/2026,11:51:00,35399,MARCIA PEREIRA,PREVENCAO DE PERDAS,OPERADOR DE EMPILHADEIRA,HORÁRIO NEGADO,IARA
20/01/2026,12:06:00,35781,JULIANA SILVIA NUNES,VENDAS,AUX. DE DEPOSITO,HORÁRIO NEGADO,GR3 - CLARA
20/01/2026,12:18:00,25686,DIEGO NASCIMENTO,EXPEDICAO,OPERADOR DE LOJA,HORÁRIO NEGADO,GR3 - CLARA
20/01/2026,13:13:00,33955,ISABELA EDUARDO TEIXEIRA DOS MACHADO,LIMPEZA,AUX. DE DEPOSITO,HORÁRIO NEGADO,HELIO
20/01/2026,13:32:00,36748,ELIAS FELIPE SILVA,DEPOSITOS INTERNOS,AUXILIAR DE LIMPEZA SANITARIA,HORÁRIO NEGADO,GR1 - ADRIANO
20/01/2026,13:44:28,21745,GISELE MENDES,METAIS SANITARIOS,ATENDENTE,HORÁRIO NEGADO,LUCIO
20/01/2026,13:48:00,21004,PEDRO LOPES DE PINHEIRO,ELETRODOMESTICOS-ELETROPORTATEIS,APROVADOR DE CREDITO,HORÁRIO NEGADO,IARA
20/01/2026,15:30:00,28339,RENATA FERNANDA SOARES,ENTREGA,MOTORISTA,ARMÁRIO,GR1 - ADRIANO
20/01/2026,15:34:16,39074,SERGIO SILVA DE SANTOS,BALCAO DE FERRAMENTAS,ATENDENTE,HORÁRIO NEGADO,GR1 - ADRIANO
20/01/2026,16:44:00,29597,GUSTAVO JOANA CORREIA DOS VIEIRA,JARDINAGEM,AUX. DE PREVENCAO DE PERDAS,HORÁRIO NEGADO,JONAS
21/01/2026,07:45:00,31367,JANAINA CARDOSO DOS RAMOS,ELETRODOMESTICOS-ELETROPORTATEIS,AUXILIAR DE LIMPEZA SANITARIA,HORÁRIO NEGADO,JONAS
21/01/2026,07:58:00,32928,EDUARDO TEIXEIRA DOS CARDOSO,BALCAO DE FERRAMENTAS,VENDEDOR,HORÁRIO NEGADO,GR1 - ADRIANO
21/01/2026,08:28:00,25947,JORGE IVAN MOREIRA FILHO,JARDINAGEM,AUX. DE PREVENCAO DE PERDAS,HORÁRIO NEGADO,GR5 - EDUARDO
21/01/2026,08:32:00,33969,LUCIANA GOMES,ENTREGA,AUX. DE ASSISTENCIA TECNICA,HORÁRIO NEGADO,GR1 - ADRIANO
21/01/2026,08:34:11,26654,CAMILA RICARDO LOPES DE NOGUEIRA,TRANSPORTE PESADO,ATENDENTE,HORÁRIO NEGADO,JONAS
21/01/2026,08:47:00,33834,CARLOS TATIANA MOREIRA,BALCAO DE FERRAMENTAS,AUX. DE DEPOSITO,HORÁRIO NEGADO,GR5 - EDUARDO
21/01/2026,09:13:00,33731,MATEUS CORREIA DA PINHEIRO,CABOS E FIOS,MOTORISTA,HORÁRIO NEGADO,NILDO
21/01/2026,09:29:00,19518,HELENA DUARTE NETO,EXPEDICAO,PROMOTOR(A),HORÁRIO NEGADO,GR3 - CLARA
21/01/2026,09:47:59,20780,MARIANA CORREIA DE SANTOS,TINTAS E ACESSORIOS,AUX. DE PREVENCAO DE PERDAS,HORÁRIO NEGADO,GR1 - ADRIANO
21/01/2026,10:09:00,27259,LUCIANA ADRIANA RIBEIRO DOS VIEIRA,TECNOLOGIA DA INFORMACAO,TESOUREIRO,HORÁRIO NEGADO,GR1 - ADRIANO
21/01/2026,10:30:00,20618,FERNANDA MARCIA MARTINS DA NASCIMENTO,CABOS E FIOS,CONFERENTE DE MERCADORIA,HORÁRIO NEGADO,GR5 – EDUARDO
21/01/2026,10:38:00,35003,MATEUS SANDRA CARDOSO,0,OPERADOR DE COMPUTADOR,HORÁRIO NEGADO,LUCIO
21/01/2026,10:57:00,17696,IGOR LEANDRO LEITE FILHO,RECURSOS HUMANOS,AUX.ENTREGA EXTERNA,HORÁRIO NEGADO,JONAS
21/01/2026,10:58:00,21374,BRUNO LOPES DOS COSTA,PREVENCAO DE PERDAS,TESOUREIRO,HORÁRIO NEGADO,GR1 – ADRIANO
21/01/2026,11:16:00,16721,JULIANA BARBOSA DE SANTOS,TESOURARIA,MOTORISTA,HORÁRIO NEGADO,GR5 - EDUARDO
21/01/2026,11:56:00,33160,PAULO RICARDO SOUZA,UTILIDADES DOMESTICAS - PLASTICOS,MOTORISTA,ARMARIOS,GR1 - ADRIANO
21/01/2026,12:22:00,16410,CARLOS RICARDO MARTINS DE BARBOSA,CABOS E FIOS,OPERADOR DE EMPILHADEIRA,ARMÁRIO,GRL - FLAVIA
21/01/2026,14:01:00,25335,OTAVIO FARIAS DA SANTOS,TINTAS E ACESSORIOS,APROVADOR DE CREDITO,HORÁRIO NEGADO,LUCIO
21/01/2026,15:01:00,20515,CARLA LIMA DA REIS,CAIXA,VENDEDOR,HORÁRIO NEGADO,GR3 - CLARA
21/01/2026,15:30:00,37399,JORGE FARIAS,LIMPEZA,AUX. DE ASSISTENCIA TECNICA,HORÁRIO NEGADO,GR5 - EDUARDO
21/01/2026,16:15:33,27696,MARCOS JULIANA ROCHA,TRANSPORTE PESADO,ATENDENTE,ESQUECEU CRACHÁ,OSCAR
21/01/2026,17:15:00,17862,GUSTAVO CARLA FERNANDES DA BARBOSA,MATERIAL ELETRICO,AUX. DE PREVENCAO DE PERDAS,HORÁRIO NEGADO,GR1 - ADRIANO
21/01/2026,17:41:17,16908,OTAVIO ALINE MENDES DA SOUZA,CREDIARIO,AUX. DE PREVENCAO DE PERDAS,HORÁRIO NEGADO,GRL - FLAVIA
21/01/2026,17:58:00,23346,GISELE LEANDRO MENDES,UTILIDADES DOMESTICAS - PRESENTES,TESOUREIRO,HORÁRIO NEGADO,LUCIO
22/01/2026,08:05:00,33891,JOANA SERGIO PINHEIRO DOS MELO,ELETRODOMESTICOS-ELETROPORTATEIS,ELETRICISTA,HORÁRIO NEGADO,GR3 - CLARA
22/01/2026,08:23:00,29045,SIMONE RAQUEL VIEIRA,RECEPCAO DE MERCADORIA - LOJA,VENDEDOR,HORÁRIO NEGADO,GR1 - ADRIANO
22/01/2026,08:23:00,35399,MARCIA PEREIRA,PREVENCAO DE PERDAS,OPERADOR DE EMPILHADEIRA,OUTRA FILIAL,GR5 – EDUARDO
22/01/2026,08:36:00,25723,CAIO DIEGO LOPES,JARDINAGEM,APRENDIZ EM SERVICOS VENDAS,FOLGA FIXA,GR1 - ADRIANO
22/01/2026,09:05:00,27374,DANIEL PEDRO LEITE DA GOMES,ACESSORIOS P/ BANHEIRO,MOTORISTA,HORÁRIO NEGADO,NILDO
22/01/2026,09:37:00,34011,MARCOS LUCAS MENDES,ENTREGA,CONFERENTE DE MERCADORIA,ESQUECEU CRACHÁ,IARA
22/01/2026,09:50:00,21123,CAIO EDUARDO MOREIRA,RECURSOS HUMANOS,AUX. DE ASSISTENCIA TECNICA,HORÁRIO NEGADO,GR1 - ADRIANO
22/01/2026,10:09:41,37782,IVAN ROCHA DE SOARES NETO,DEPOSITOS INTERNOS,OPERADOR DE LOJA,HORÁRIO NEGADO,GR5 - EDUARDO
22/01/2026,10:12:48,20061,RODRIGO PATRICIA COSTA,JARDINAGEM,OPERADOR DE LOJA,HORÁRIO NEGADO,GR1 - ADRIANO
22/01/2026,10:47:00,15082,NATALIA ROCHA JUNIOR,BALCAO DE FERRAMENTAS,ELETRICISTA,HORÁRIO NEGADO,LUCIO
22/01/2026,12:10:23,29228,HELENA FERNANDA RIBEIRO DOS DIAS,LIMPEZA,OPERADOR DE LOJA,HORÁRIO NEGADO,GRL - FLAVIA
22/01/2026,12:31:03,28358,CRISTIANE JULIANA SOARES,TINTAS E ACESSORIOS,VENDEDOR,HORÁRIO NEGADO,JONAS
22/01/2026,16:07:00,33024,MATEUS ALVES DOS CORREIA NETO,TECNOLOGIA DA INFORMACAO,OPERADOR DE LOJA,HORÁRIO NEGADO,JONAS
22/01/2026,16:37:00,27410,DIEGO LUCAS LOPES,RECURSOS HUMANOS,FRENTE DE LOJA,ADM,GR3 - CLARA
22/01/2026,17:29:00,24474,RENATA DIAS,METAIS SANITARIOS,OPERADOR DE EMPILHADEIRA,HORÁRIO NEGADO,GR4 - DENISE
22/01/2026,17:29:07,24941,CLAUDIA CARLA MARTINS DE LEITE,UTILIDADES DOMESTICAS - PLASTICOS,MOTORISTA,HORÁRIO NEGADO,GR3 - CLARA
23/01/2026,08:06:00,20061,RODRIGO PATRICIA COSTA,JARDINAGEM,OPERADOR DE LOJA,HORÁRIO NEGADO,GR5 - EDUARDO
23/01/2026,08:27:00,30723,ELIAS SILVIA FERNANDES DA LOPES,PISOS E REVESTIMENTOS,FRENTE DE LOJA,HORÁRIO NEGADO,KELLY
23/01/2026,08:58:00,21545,DIEGO COSTA,MATERIAL ELETRICO,APROVADOR DE CREDITO,HORÁRIO NEGADO,OSCAR
23/01/2026,09:02:00,25644,RICARDO LIMA,BALCAO DE FERRAMENTAS,VENDEDOR,HORÁRIO NEGADO,GR1 - ADRIANO
23/01/2026,09:43:00,24483,TATIANA CUNHA DOS ROCHA,VENDAS,VENDEDOR,HORÁRIO NEGADO,GR1 - ADRIANO
23/01/2026,09:48:32,31570,MARCIA FARIAS DE CORREIA,ACESSORIOS PARA BANHEIRO,VENDEDOR,HORÁRIO NEGADO,MARINA
23/01/2026,09:57:00,28270,TARCISIO ELIAS ROCHA DOS COSTA,UTILIDADES DOMESTICAS - PLASTICOS,APROVADOR DE CREDITO,RH,GR1 - ADRIANO
23/01/2026,10:23:00,29829,DANIELA NUNES NETO,JARDINAGEM,MOTORISTA,HORÁRIO NEGADO,JONAS
23/01/2026,11:09:00,36672,HELENA PRISCILA DUARTE,ELETRODOMESTICOS-ELETROPORTATEIS,APRENDIZ EM SERVICOS VENDAS,HORÁRIO NEGADO,GR4 - DENISE
23/01/2026,11:16:00,25621,LEANDRO ROCHA,VENDAS,SUPERVISOR DE VENDAS,HORÁRIO NEGADO,MARINA
23/01/2026,11:31:07,29334,LARISSA EDUARDO PINHEIRO DE SANTOS,TINTAS E ACESSORIOS,AUX. DE DEPOSITO,HORÁRIO NEGADO,KELLY
23/01/2026,12:01:00,17570,FELIPE NATALIA CORREIA DOS SOUZA,ELETRODOMESTICOS-ELETROPORTATEIS,SUPERVISOR DE VENDAS,HORÁRIO NEGADO,OSCAR
23/01/2026,12:27:00,35399,MARCIA PEREIRA,PREVENCAO DE PERDAS,OPERADOR DE EMPILHADEIRA,HORÁRIO NEGADO,MARINA
23/01/2026,12:29:00,15540,FABIANA LIMA,ENTREGA,SUPERVISOR DE VENDAS,ESQUECEU CRACHÁ,GR2 - BEATRIZ
23/01/2026,12:40:00,30357,MARCOS LIMA DOS DUARTE,CAIXA,AUXILIAR DE LIMPEZA SANITARIA,HORÁRIO NEGADO,GR2 - BEATRIZ
23/01/2026,13:03:53,25723,CAIO DIEGO LOPES,JARDINAGEM,APRENDIZ EM SERVICOS VENDAS,HORÁRIO NEGADO,MARINA
23/01/2026,13:51:00,22129,MARCIA RAMOS DA BARBOSA FILHO,JARDINAGEM,FRENTE DE LOJA,HORÁRIO NEGADO,GR1 - ADRIANO
23/01/2026,14:38:00,99580,CARLA MENDES DE FARIAS,TINTAS E ACESSORIOS,APRENDIZ EM SERVICOS VENDAS,HORÁRIO NEGADO,GR5 - EDUARDO
23/01/2026,14:59:00,23110,ELAINE RAMOS,EXPEDICAO,VENDEDOR,HORÁRIO NEGADO,GR1 - ADRIANO
23/01/2026,15:14:00,17763,LEANDRO MELO DE MARTINS,MOVEIS E COZINHAS,AUX.ENTREGA EXTERNA,HORÁRIO NEGADO,JONAS
23/01/2026,16:03:00,18025,ROSANA GOMES DOS MARTINS,MATERIAL ELETRICO,OPERADOR DE EMPILHADEIRA,HORÁRIO NEGADO,JONAS
23/01/2026,16:41:00,15056,CARLA GOMES DOS VIEIRA FILHO,BALCAO DE FERRAMENTAS,OPERADOR DE COMPUTADOR,ARMARIOS,GR1 - ADRIANO
24/01/2026,08:06:00,23828,SANDRA NOGUEIRA,VENDAS,AUX. DE DEPOSITO,HORÁRIO NEGADO,NILDO
24/01/2026,08:19:45,21545,DIEGO COSTA,MATERIAL ELETRICO,APROVADOR DE CREDITO,HORÁRIO NEGADO,GR1 - ADRIANO
24/01/2026,08:23:00,26450,ALINE MARCELO MELO,MOVEIS E COZINHAS,OPERADOR DE COMPUTADOR,FOLGA FIXA,GR1 - ADRIANO
24/01/2026,09:02:30,30483,LUCAS JORGE NEVES,UTILIDADES DOMESTICAS - PRESENTES,AUX. DE DEPOSITO,ESQUECEU CRACHÁ,LUCIO
24/01/2026,09:30:00,38461,RICARDO CAMILA NUNES DE ROCHA,TRANSPORTE PESADO,MOTORISTA,HORÁRIO NEGADO,JONAS
24/01/2026,09:36:00,38801,SAMUEL CAMILA DUARTE DE FREITAS FILHO,TESOURARIA,AUX. DE PREVENCAO DE PERDAS,HORÁRIO NEGADO,GR1 - ADRIANO
24/01/2026,09:38:00,28270,TARCISIO ELIAS ROCHA DOS COSTA,UTILIDADES DOMESTICAS - PLASTICOS,APROVADOR DE CREDITO,HORÁRIO NEGADO,GRL - FLAVIA
24/01/2026,10:06:00,,CAMILA,TESOURARIA,APRENDIZ EM SERVICOS VENDAS,HORÁRIO NEGADO,GR1 - ADRIANO
24/01/2026,10:17:00,28622,CLAUDIA CRISTIANE CARDOSO,CREDIARIO,AUX. ADMINISTRATIVO,HORÁRIO NEGADO,GR3 - CLARA
24/01/2026,10:33:00,15056,CARLA GOMES DOS VIEIRA FILHO,BALCAO DE FERRAMENTAS,OPERADOR DE COMPUTADOR,HORÁRIO NEGADO,GR1 - ADRIANO
24/01/2026,10:46:00,26654,CAMILA RICARDO LOPES DE NOGUEIRA,TRANSPORTE PESADO,ATENDENTE,HORÁRIO NEGADO,GR3 – CLARA
24/01/2026,11:04:00,38461,RICARDO CAMILA NUNES DE ROCHA,TRANSPORTE PESADO,MOTORISTA,HORÁRIO NEGADO,GR1 - ADRIANO
24/01/2026,11:19:48,24603,RAFAEL PRISCILA RIBEIRO DOS NASCIMENTO,FRENTE DE LOJA,AUX. DE PREVENCAO DE PERDAS,HORÁRIO NEGADO,GR5 - EDUARDO
24/01/2026,11:34:00,17200,NATALIA TEIXEIRA DA LEITE,ACESSORIOS PARA BANHEIRO,OPERADOR DE LOJA,HORÁRIO NEGADO,GR3 - CLARA
24/01/2026,12:22:59,32478,NATALIA LEITE DE RIBEIRO,VENDAS,FRENTE DE LOJA,HORÁRIO NEGADO,LUCIO
24/01/2026,12:32:46,21502,FABIANA LARISSA NUNES DE NUNES FILHO,MANUTENCAO INFRAESTRUTURA,SUPERVISOR DE VENDAS,HORÁRIO NEGADO,MARINA
24/01/2026,12:45:00,37409,MARIANA MARTINS,TINTAS E ACESSORIOS,MOTORISTA,HORÁRIO NEGADO,GR1 - ADRIANO
24/01/2026,12:56:07,30918,WAGNER TATIANA MOREIRA DE PINHEIRO,EXPEDICAO,MOTORISTA,HORÁRIO NEGADO,GRL – FLAVIA
24/01/2026,12:58:00,95631,JORGE FARIAS,LIMPEZA,AUX. DE ASSISTENCIA TECNICA,HORÁRIO NEGADO,LUCIO
24/01/2026,14:49:00,19998,JOAO ELIAS MOREIRA DA FARIAS,UTILIDADES DOMESTICAS - PLASTICOS,OPERADOR DE EMPILHADEIRA,HORÁRIO NEGADO,KELLY
24/01/2026,12:22:59,32478,NATALIA LEITE DE RIBEIRO,VENDAS,FRENTE DE LOJA,HORÁRIO NEGADO,LUCIO
24/01/2026,17:58:00,21313,LUCIANA MACHADO DE NASCIMENTO,ACESSORIOS PARA BANHEIRO,SUPERVISOR DE VENDAS,HORÁRIO NEGADO,GR1 - ADRIANO
25/01/2026,07:59:00,15082,NATALIA ROCHA JUNIOR,BALCAO DE FERRAMENTAS,ELETRICISTA,HORÁRIO NEGADO,KELLY
25/01/2026,08:26:00,28733,FELIPE RAFAEL ALVES DOS MACHADO,MATERIAL ELETRICO,CONFERENTE DE MERCADORIA,HORÁRIO NEGADO,LUCIO
25/01/2026,08:44:00,38049,ANA ANA COSTA,TRANSPORTE PESADO,TESOUREIRO,HORÁRIO NEGADO,GR5 – EDUARDO
25/01/2026,08:56:00,33957,DANIELA RAQUEL DUARTE,DEPOSITOS INTERNOS,AUX. ADMINISTRATIVO,HORÁRIO NEGADO,JONAS
25/01/2026,09:18:00,23828,SANDRA NOGUEIRA,VENDAS,AUX. DE DEPOSITO,HORÁRIO NEGADO,GR1 - ADRIANO
25/01/2026,09:19:00,15228,IGOR ALVES DOS FERNANDES,MATERIAL ELETRICO,AUXILIAR DE LIMPEZA SANITARIA,HORÁRIO NEGADO,GR5 - EDUARDO
25/01/2026,09:24:57,29228,HELENA FERNANDA RIBEIRO DOS DIAS,LIMPEZA,OPERADOR DE LOJA,FOLGA FIXA,GR3 - CLARA
25/01/2026,10:11:46,26891,TARCISIO JOANA SOARES DA NEVES,JARDINAGEM,OPERADOR DE COMPUTADOR,HORÁRIO NEGADO,GR1 - ADRIANO
25/01/2026,10:59:00,32792,CRISTIANE TARCISIO MELO DA LIMA,UTILIDADES DOMESTICAS - PRESENTES,TESOUREIRO,HORÁRIO NEGADO,HELIO
25/01/2026,12:02:21,33955,ISABELA EDUARDO TEIXEIRA DOS MACHADO,LIMPEZA,AUX. DE DEPOSITO,HORÁRIO NEGADO,GR4 - DENISE
25/01/2026,12:20:00,34259,MARCELO FERNANDA REIS DA SILVA,FRENTE DE LOJA,ELETRICISTA,HORÁRIO NEGADO,HELIO
25/01/2026,12:31:00,31362,THIAGO VICTOR LOPES DE DUARTE,ACESSORIOS PARA BANHEIRO,AUX. ADMINISTRATIVO,HORÁRIO NEGADO,IARA
25/01/2026,12:40:00,36030,PRISCILA SILVA DA MOREIRA,UTILIDADES DOMESTICAS - PLASTICOS,AUXILIAR DE LIMPEZA SANITARIA,HORÁRIO NEGADO,GR1 - ADRIANO
25/01/2026,12:41:37,22129,MARCIA RAMOS DA BARBOSA FILHO,JARDINAGEM,FRENTE DE LOJA,HORÁRIO NEGADO,KELLY
25/01/2026,13:16:00,25522,CLAUDIA NOGUEIRA FILHO,CABOS E FIOS,AUX. DE PREVENCAO DE PERDAS,ARMARIOS,GR1 - ADRIANO
25/01/2026,13:46:00,37563,BRUNO SIMONE FERNANDES,RECEPCAO DE MERCADORIA - LOJA,ELETRICISTA,HORÁRIO NEGADO,GRL – FLAVIA
25/01/2026,14:16:00,25711,MARCELO SOARES DOS FREITAS FILHO,ENTREGA,TESOUREIRO,HORÁRIO NEGADO,GR1 - ADRIANO
25/01/2026,15:30:29,38281,IGOR ROSANA DIAS DOS NASCIMENTO NETO,RECURSOS HUMANOS,AUX. ADMINISTRATIVO,HORÁRIO NEGADO,GR5 - EDUARDO
25/01/2026,18:17:00,93057,ELIAS SANTOS DOS MACHADO,MOVEIS E COZINHAS,APROVADOR DE CREDITO,HORÁRIO NEGADO,MARINA
26/01/2026,07:56:00,34075,EDUARDO MENDES,RECURSOS HUMANOS,OPERADOR DE EMPILHADEIRA,HORÁRIO NEGADO,NILDO
26/01/2026,08:24:00,16908,OTAVIO ALINE MENDES DA SOUZA,CREDIARIO,AUX. DE PREVENCAO DE PERDAS,ADM,GR1 - ADRIANO
26/01/2026,08:31:25,35680,ELIAS RAQUEL LIMA,TECNOLOGIA DA INFORMACAO,AUX. DE PREVENCAO DE PERDAS,HORÁRIO NEGADO,JONAS
26/01/2026,09:05:00,29023,MARCOS AMANDA CUNHA DA MARTINS,MANUTENCAO INFRAESTRUTURA,OPERADOR DE LOJA,HORÁRIO NEGADO,GR1 - ADRIANO
26/01/2026,09:06:00,32692,MARCIA PINHEIRO,TESOURARIA,AUX. ADMINISTRATIVO,HORÁRIO NEGADO,HELIO
26/01/2026,09:08:00,32554,GABRIEL SOUZA DOS NUNES NETO,LIMPEZA,ATENDENTE,HORÁRIO NEGADO,GR4 – DENISE
26/01/2026,09:30:00,24950,FABIANA CAIO NUNES DOS CUNHA,UTILIDADES DOMESTICAS - PLASTICOS,ATENDENTE,ESQUECEU CRACHÁ,GR3 - CLARA
26/01/2026,09:45:28,26896,ROSANA SOUZA,TESOURARIA,APRENDIZ EM SERVICOS VENDAS,HORÁRIO NEGADO,GR3 - CLARA
26/01/2026,10:40:00,35270,LUCIANA CAMILA TEIXEIRA DA MACHADO,TECNOLOGIA DA INFORMACAO,FRENTE DE LOJA,HORÁRIO NEGADO,GR1 - ADRIANO
26/01/2026,10:42:00,25644,RICARDO LIMA,BALCAO DE FERRAMENTAS,VENDEDOR,HORÁRIO NEGADO,GRL - FLAVIA
26/01/2026,10:52:00,31971,PRISCILA MATEUS MENDES DE BARBOSA,BALCAO DE FERRAMENTAS,CONFERENTE DE MERCADORIA,ARMARIOS,MARINA
26/01/2026,11:12:00,31881,FELIPE VICTOR SILVA DE BARBOSA,ENTREGA,ELETRICISTA,HORÁRIO NEGADO,GR1 - ADRIANO
26/01/2026,11:22:00,35337,TATIANA ELAINE LOPES DA DIAS,MATERIAL ELETRICO,ATENDENTE,HORÁRIO NEGADO,JONAS
26/01/2026,11:23:30,37703,CAMILA FABIANA MARTINS DOS SILVA,TECNOLOGIA DA INFORMACAO,AUX. ADMINISTRATIVO,HORÁRIO NEGADO,GR1 - ADRIANO
26/01/2026,11:44:55,17088,FERNANDA LEANDRO ALVES DE MOREIRA,EXPEDICAO,AUX. ADMINISTRATIVO,HORÁRIO NEGADO,IARA
26/01/2026,11:47:30,31187,PRISCILA MATEUS COSTA DE COSTA,MOVEIS E COZINHAS,CONFERENTE DE MERCADORIA,HORÁRIO NEGADO,IARA
26/01/2026,11:48:00,23110,ELAINE RAMOS,EXPEDICAO,VENDEDOR,HORÁRIO NEGADO,GR1 - ADRIANO
26/01/2026,13:26:00,18797,VICTOR MELO DOS CORREIA,UTILIDADES DOMESTICAS - PLASTICOS,AUXILIAR DE LIMPEZA SANITARIA,ESQUECEU CRACHÁ,GR5 - EDUARDO
26/01/2026,14:16:00,29379,SANDRA SERGIO MENDES,JARDINAGEM,AUX. ADMINISTRATIVO,HORÁRIO NEGADO,IARA
26/01/2026,16:44:00,25723,CAIO DIEGO LOPES,JARDINAGEM,APRENDIZ EM SERVICOS VENDAS,HORÁRIO NEGADO,LUCIO
26/01/2026,17:40:00,16242,DIEGO LEITE,METAIS SANITARIOS,MOTORISTA,HORÁRIO NEGADO,GR1 - ADRIANO
27/01/2026,08:37:00,26896,ROSANA SOUZA,TESOURARIA,APRENDIZ EM SERVICOS VENDAS,FOLGA FIXA,GR5 - EDUARDO
27/01/2026,09:01:00,30723,ELIAS SILVIA FERNANDES DA LOPES,PISOS E REVESTIMENTOS,FRENTE DE LOJA,HORÁRIO NEGADO,IARA
27/01/2026,09:11:00,18838,GABRIEL VICTOR FERNANDES,PISOS E REVESTIMENTOS,TESOUREIRO,HORÁRIO NEGADO,GR1 - ADRIANO
27/01/2026,09:29:00,20182,VICTOR DANIELA VIEIRA,ELETRODOMESTICOS-ELETROPORTATEIS,OPERADOR DE EMPILHADEIRA,HORÁRIO NEGADO,GR5 - EDUARDO
27/01/2026,10:09:00,22311,FELIPE MARCIA MARTINS,TRANSPORTE PESADO,FRENTE DE LOJA,HORÁRIO NEGADO,JONAS
27/01/2026,10:15:00,28211,VICTOR FABIANA PEREIRA DE DIAS,MANUTENCAO INFRAESTRUTURA,VENDEDOR,RH,GRL - FLAVIA
27/01/2026,10:32:00,23771,BEATRIZ AMANDA PEREIRA DA BARBOSA,METAIS SANITARIOS,OPERADOR DE COMPUTADOR,HORÁRIO NEGADO,LUCIO
27/01/2026,11:07:00,35680,ELIAS RAQUEL LIMA,TECNOLOGIA DA INFORMACAO,AUX. DE PREVENCAO DE PERDAS,FOLGA FIXA,JONAS
27/01/2026,12:18:00,35337,TATIANA ELAINE LOPES DA DIAS,MATERIAL ELETRICO,ATENDENTE,HORÁRIO NEGADO,HELIO
27/01/2026,16:02:00,,CAIO,ELETRODOMESTICOS-ELETROPORTATEIS,CONFERENTE DE MERCADORIA,HORÁRIO NEGADO,OSCAR
27/01/2026,19:30:00,37703,CAMILA FABIANA MARTINS DOS SILVA,TECNOLOGIA DA INFORMACAO,AUX. ADMINISTRATIVO,HORÁRIO NEGADO,HELIO
28/01/2026,08:28:00,32478,NATALIA LEITE DE RIBEIRO,VENDAS,FRENTE DE LOJA,HORÁRIO NEGADO,GR5 - EDUARDO
28/01/2026,09:40:00,38794,MATEUS RAQUEL CORREIA DOS CARDOSO,MOVEIS E COZINHAS,SUPERVISOR DE VENDAS,HORÁRIO NEGADO,HELIO
28/01/2026,09:52:00,37754,JANAINA CARDOSO FILHO,CAIXA,ELETRICISTA,HORÁRIO NEGADO,JONAS
28/01/2026,10:14:00,33609,ISABELA CAIO RIBEIRO DOS COSTA NETO,BALCAO DE FERRAMENTAS,AUX. DE DEPOSITO,HORÁRIO NEGADO,GR3 - CLARA
28/01/2026,10:16:00,38360,PATRICIA RODRIGO NASCIMENTO DOS REIS,ENTREGA,ELETRICISTA,HORÁRIO NEGADO,KELLY
28/01/2026,11:06:00,30872,LUCAS SOUZA DE CORREIA,ELETRODOMESTICOS-ELETROPORTATEIS,ELETRICISTA,HORÁRIO NEGADO,GR1 - ADRIANO
28/01/2026,12:27:00,37159,CARLOS MARTINS DE LIMA,JARDINAGEM,OPERADOR DE EMPILHADEIRA,HORÁRIO NEGADO,JONAS
28/01/2026,14:03:00,28211,VICTOR FABIANA PEREIRA DE DIAS,MANUTENCAO INFRAESTRUTURA,VENDEDOR,HORÁRIO NEGADO,GR3 - CLARA
28/01/2026,15:43:00,15203,CARLA MARTINS DE SOARES,LIMPEZA,CONFERENTE DE MERCADORIA,HORÁRIO NEGADO,HELIO
28/01/2026,16:34:00,17570,FELIPE NATALIA CORREIA DOS SOUZA,ELETRODOMESTICOS-ELETROPORTATEIS,SUPERVISOR DE VENDAS,HORÁRIO NEGADO,JONAS
29/01/2026,08:20:00,31985,JULIANA CAMILA FERNANDES DE NEVES JUNIOR,MANUTENCAO INFRAESTRUTURA,OPERADOR DE COMPUTADOR,HORÁRIO NEGADO,GR3 - CLARA
29/01/2026,09:01:00,33860,ROSANA LEANDRO NEVES,TECNOLOGIA DA INFORMACAO,CONFERENTE DE MERCADORIA,HORÁRIO NEGADO,LUCIO
29/01/2026,09:50:23,15832,PAULO MARTINS DA NEVES,VENDAS,PROMOTOR(A),HORÁRIO NEGADO,KELLY
29/01/2026,10:19:00,28270,TARCISIO ELIAS ROCHA DOS COSTA,UTILIDADES DOMESTICAS - PLASTICOS,APROVADOR DE CREDITO,HORÁRIO NEGADO,GR2 – BEATRIZ
29/01/2026,10:27:12,20061,RODRIGO PATRICIA COSTA,JARDINAGEM,OPERADOR DE LOJA,HORÁRIO NEGADO,GR1 - ADRIANO
29/01/2026,10:35:00,37994,SANDRA JOAO BARBOSA DOS COSTA,TINTAS E ACESSORIOS,APRENDIZ EM SERVICOS VENDAS,HORÁRIO NEGADO,GR1 - ADRIANO
29/01/2026,10:45:00,15056,CARLA GOMES DOS VIEIRA FILHO,BALCAO DE FERRAMENTAS,OPERADOR DE COMPUTADOR,HORÁRIO NEGADO,HELIO
29/01/2026,11:00:00,98556,WAGNER GUSTAVO SOUZA,ACESSORIOS PARA BANHEIRO,AUXILIAR DE LIMPEZA SANITARIA,HORÁRIO NEGADO,GRL - FLAVIA
29/01/2026,11:12:00,36030,PRISCILA SILVA DA MOREIRA,UTILIDADES DOMESTICAS - PLASTICOS,AUXILIAR DE LIMPEZA SANITARIA,HORÁRIO NEGADO,GRL - FLAVIA
29/01/2026,11:21:00,35270,LUCIANA CAMILA TEIXEIRA DA MACHADO,TECNOLOGIA DA INFORMACAO,FRENTE DE LOJA,HORÁRIO NEGADO,IARA
29/01/2026,11:22:00,18758,RAFAEL RIBEIRO DOS NOGUEIRA,MOVEIS E COZINHAS,APRENDIZ EM SERVICOS VENDAS,HORÁRIO NEGADO,GR1 - ADRIANO
29/01/2026,12:47:00,99235,RODRIGO RAQUEL TEIXEIRA DA SOUZA,UTILIDADES DOMESTICAS - PRESENTES,ATENDENTE,OUTRA FILIAL,HELIO
29/01/2026,13:00:41,21343,SERGIO PEREIRA,ACESSORIOS PARA BANHEIRO,SUPERVISOR DE VENDAS,HORÁRIO NEGADO,GR5 - EDUARDO
29/01/2026,13:39:00,33860,ROSANA LEANDRO NEVES,TECNOLOGIA DA INFORMACAO,CONFERENTE DE MERCADORIA,HORÁRIO NEGADO,GR3 - CLARA
29/01/2026,14:37:00,32494,IVAN REIS DA MENDES,ACESSORIOS PARA BANHEIRO,PROMOTOR(A),FOLGA FIXA,GR5 - EDUARDO
29/01/2026,15:42:00,33891,JOANA SERGIO PINHEIRO DOS MELO,ELETRODOMESTICOS-ELETROPORTATEIS,ELETRICISTA,HORÁRIO NEGADO,HELIO
29/01/2026,15:48:11,25723,CAIO DIEGO LOPES,JARDINAGEM,APRENDIZ EM SERVICOS VENDAS,HORÁRIO NEGADO,GR5 - EDUARDO
29/01/2026,18:21:27,17993,ELIAS LEANDRO RAMOS,EXPEDICAO,AUX. ADMINISTRATIVO,HORÁRIO NEGADO,HELIO
29/01/2026,18:27:00,21730,JANAINA SANDRA REIS,UTILIDADES DOMESTICAS - PLASTICOS,VENDEDOR,HORÁRIO NEGADO,GR5 - EDUARDO
29/01/2026,19:59:00,38190,PRISCILA LIMA,MATERIAL ELETRICO,CONFERENTE DE MERCADORIA,HORÁRIO NEGADO,GR3 - CLARA
30/01/2026,08:54:00,31881,FELIPE VICTOR SILVA DE BARBOSA,ENTREGA,ELETRICISTA,HORÁRIO NEGADO,IARA
30/01/2026,10:21:06,16410,CARLOS RICARDO MARTINS DE BARBOSA,CABOS E FIOS,OPERADOR DE EMPILHADEIRA,HORÁRIO NEGADO,MARINA
30/01/2026,11:17:04,23110,ELAINE RAMOS,EXPEDICAO,VENDEDOR,HORÁRIO NEGADO,HELIO
30/01/2026,11:21:00,26146,CLAUDIA SIMONE ROCHA DOS SOUZA,MANUTENCAO INFRAESTRUTURA,OPERADOR DE EMPILHADEIRA,HORÁRIO NEGADO,LUCIO
30/01/2026,11:52:01,,SAMUEL,PISOS E REVESTIMENTOS,APRENDIZ EM SERVICOS VENDAS,HORÁRIO NEGADO,GR5 - EDUARDO
30/01/2026,12:10:00,39045,ELIAS SANTOS DOS MACHADO,MOVEIS E COZINHAS,APROVADOR DE CREDITO,PERDEU CRACHÁ,GRL - FLAVIA
30/01/2026,12:11:00,29552,DIEGO IVAN CORREIA,TESOURARIA,PROMOTOR(A),HORÁRIO NEGADO,GR1 - ADRIANO
30/01/2026,12:33:00,32565,VANESSA ELIAS NEVES,TINTAS E ACESSORIOS,ELETRICISTA,HORÁRIO NEGADO,OSCAR
30/01/2026,12:58:33,28368,ELIAS MARCELO NUNES DA DUARTE,BALCAO DE FERRAMENTAS,OPERADOR DE EMPILHADEIRA,HORÁRIO NEGADO,LUCIO
30/01/2026,16:32:00,31920,LEANDRO CARDOSO DA NOGUEIRA NETO,LIMPEZA,AUX. DE PREVENCAO DE PERDAS,HORÁRIO NEGADO,GR1 – ADRIANO
30/01/2026,18:12:24,20406,JOANA FABIANA VIEIRA DOS ALVES,MATERIAL ELETRICO,ATENDENTE,HORÁRIO NEGADO,OSCAR
30/01/2026,18:46:00,15674,RAFAEL FERNANDES DE LOPES,PREVENCAO DE PERDAS,ELETRICISTA,HORÁRIO NEGADO,GR1 - ADRIANO
31/01/2026,08:53:00,35070,AMANDA LEANDRO LEITE,CAIXA,AUX. DE PREVENCAO DE PERDAS,HORÁRIO NEGADO,GR5 - EDUARDO
31/01/2026,09:10:44,36635,ANA NEVES DA DUARTE,UTILIDADES DOMESTICAS - PLASTICOS,PROMOTOR(A),HORÁRIO NEGADO,GR5 - EDUARDO
31/01/2026,09:29:32,16137,BEATRIZ FREITAS DE TEIXEIRA,METAIS SANITARIOS,AUXILIAR DE LIMPEZA SANITARIA,HORÁRIO NEGADO,GR5 - EDUARDO
31/01/2026,10:50:00,31205,MARCOS JOAO RIBEIRO,FRENTE DE LOJA,APROVADOR DE CREDITO,HORÁRIO NEGADO,MARINA
31/01/2026,11:18:00,29741,ANA PATRICIA ALVES DA TEIXEIRA,UTILIDADES DOMESTICAS - PLASTICOS,AUX. ADMINISTRATIVO,HORÁRIO NEGADO,GR5 - EDUARDO
31/01/2026,11:55:00,30071,DANIEL CORREIA DE BARBOSA,RECEPCAO DE MERCADORIA - LOJA,APROVADOR DE CREDITO,HORÁRIO NEGADO,GR1 - ADRIANO
31/01/2026,13:29:00,,DIEGO,MATERIAL ELETRICO,APROVADOR DE CREDITO,ARMARIOS,HELIO
31/01/2026,13:58:00,22782,BRUNO PINHEIRO,EXPEDICAO,FRENTE DE LOJA,HORÁRIO NEGADO,JONAS
31/01/2026,14:48:00,15189,RAFAEL CORREIA DE NEVES,PISOS E REVESTIMENTOS,AUX. DE PREVENCAO DE PERDAS,HORÁRIO NEGADO,IARA
31/01/2026,15:34:00,18246,SAMUEL LIMA FILHO,TINTAS E ACESSORIOS,OPERADOR DE EMPILHADEIRA,HORÁRIO NEGADO,GR2 - BEATRIZ
31/01/2026,15:49:00,37024,CRISTIANE MARIANA DIAS DE PINHEIRO NETO,FRENTE DE LOJA,AUX. ADMINISTRATIVO,HORÁRIO NEGADO,GR4 - DENISE
31/01/2026,16:33:00,,FABIANA,PREVENCAO DE PERDAS,APROVADOR DE CREDITO,HORÁRIO NEGADO,JONAS
31/01/2026,16:49:26,23903,DIEGO ISABELA GOMES,LIMPEZA,AUX. DE DEPOSITO,HORÁRIO NEGADO,GRL - FLAVIA
31/01/2026,19:55:36,21562,PEDRO MACHADO DOS PINHEIRO,RECEPCAO DE MERCADORIA - LOJA,TESOUREIRO,HORÁRIO NEGADO,GRL - FLAVIA
FOR.PRP.0017,,Início da Vigência: 29/10/2020,,,Última Revisão: 29/10/2020,,
