MATRÍCULA,NOME,FUNÇÃO,SETOR,
35871,JANAINA GOMES DE CORREIA FILHO,CONFERENTE DE MERCADORIA,MATERIAL ELETRICO,
31335,SIMONE ALINE BARBOSA,AUX.ENTREGA EXTERNA,ENTREGA,
39939,CARLA CAIO MELO,ELETRICISTA,TECNOLOGIA DA INFORMACAO,
19518,HELENA DUARTE NETO,PROMOTOR(A),EXPEDICAO,
24603,RAFAEL PRISCILA RIBEIRO DOS NASCIMENTO,AUX. DE PREVENCAO DE PERDAS,FRENTE DE LOJA,
16908,OTAVIO ALINE MENDES DA SOUZA,AUX. DE PREVENCAO DE PERDAS,CREDIARIO,
24950,FABIANA CAIO NUNES DOS CUNHA,ATENDENTE,UTILIDADES DOMESTICAS - PLASTICOS,
35392,PRISCILA FELIPE NASCIMENTO,AUX. DE PREVENCAO DE PERDAS,UTILIDADES DOMESTICAS - PLASTICOS,
35337,TATIANA ELAINE LOPES DA DIAS,ATENDENTE,MATERIAL ELETRICO,
32171,TARCISIO LETICIA LEITE DA CARDOSO,CONFERENTE DE MERCADORIA,METAIS SANITARIOS,
39191,MARIANA PEREIRA,OPERADOR DE COMPUTADOR,RECEPCAO DE MERCADORIA - LOJA,
23908,CRISTIANE FELIPE ROCHA DE MENDES,ATENDENTE,MATERIAL ELETRICO,
24941,CLAUDIA CARLA MARTINS DE LEITE,MOTORISTA,UTILIDADES DOMESTICAS - PLASTICOS,
19998,JOAO ELIAS MOREIRA DA FARIAS,OPERADOR DE EMPILHADEIRA,UTILIDADES DOMESTICAS - PLASTICOS,
27687,GABRIEL FELIPE NASCIMENTO DA ROCHA,SUPERVISOR DE VENDAS,FRENTE DE LOJA,
37159,CARLOS MARTINS DE LIMA,OPERADOR DE EMPILHADEIRA,JARDINAGEM,
15540,FABIANA LIMA,SUPERVISOR DE VENDAS,ENTREGA,
34524,FELIPE JORGE DIAS,OPERADOR DE COMPUTADOR,DEPOSITOS INTERNOS,
36635,ANA NEVES DA DUARTE,PROMOTOR(A),UTILIDADES DOMESTICAS - PLASTICOS,
29552,DIEGO IVAN CORREIA,PROMOTOR(A),TESOURARIA,
36437,LETICIA PRISCILA FREITAS DA NASCIMENTO JUNIOR,APROVADOR DE CREDITO,CREDIARIO,
25301,RODRIGO DIEGO SOUZA,OPERADOR DE LOJA,UTILIDADES DOMESTICAS - PLASTICOS,
15228,IGOR ALVES DOS FERNANDES,AUXILIAR DE LIMPEZA SANITARIA,MATERIAL ELETRICO,
33620,FERNANDA VANESSA GOMES FILHO,OPERADOR DE EMPILHADEIRA,TRANSPORTE PESADO,
21100,AMANDA LIMA DE MARTINS,OPERADOR DE LOJA,DEPOSITOS INTERNOS,
27842,MARCOS LUCIANA MARTINS,SUPERVISOR DE VENDAS,MANUTENCAO INFRAESTRUTURA,
31356,LARISSA LEITE,OPERADOR DE EMPILHADEIRA,MANUTENCAO INFRAESTRUTURA,
19603,JORGE DIEGO SOARES,PROMOTOR(A),TINTAS E ACESSORIOS,
30843,BEATRIZ LEITE,ATENDENTE,LIMPEZA,
32478,NATALIA LEITE DE RIBEIRO,FRENTE DE LOJA,VENDAS,
21493,WAGNER GUSTAVO SOUZA,AUXILIAR DE LIMPEZA SANITARIA,ACESSORIOS PARA BANHEIRO,
31279,RICARDO JOANA FERNANDES DOS SOARES NETO,OPERADOR DE COMPUTADOR,BALCAO DE FERRAMENTAS,
30071,DANIEL CORREIA DE BARBOSA,APROVADOR DE CREDITO,RECEPCAO DE MERCADORIA - LOJA,
28733,FELIPE RAFAEL ALVES DOS MACHADO,CONFERENTE DE MERCADORIA,MATERIAL ELETRICO,
16317,PATRICIA NOGUEIRA,AUX. DE PREVENCAO DE PERDAS,VENDAS,
18701,ISABELA RENATA NOGUEIRA DOS LOPES,CONFERENTE DE MERCADORIA,DEPOSITOS INTERNOS,
34588,WAGNER CUNHA,PROMOTOR(A),MANUTENCAO INFRAESTRUTURA,
37754,JANAINA CARDOSO FILHO,ELETRICISTA,CAIXA,
22628,IVAN NEVES DOS FERNANDES NETO,AUX.ENTREGA EXTERNA,CAIXA,
36495,IGOR FARIAS,TESOUREIRO,JARDINAGEM,
38794,MATEUS RAQUEL CORREIA DOS CARDOSO,SUPERVISOR DE VENDAS,MOVEIS E COZINHAS,
31570,MARCIA FARIAS DE CORREIA,VENDEDOR,ACESSORIOS PARA BANHEIRO,
18879,ELIAS NUNES DA NUNES,AUX. DE DEPOSITO,TRANSPORTE PESADO,
17033,RICARDO NATALIA MELO,OPERADOR DE EMPILHADEIRA,PISOS E REVESTIMENTOS,
17315,RODRIGO RAQUEL TEIXEIRA DA SOUZA,ATENDENTE,UTILIDADES DOMESTICAS - PRESENTES,
22371,CAMILA JULIANA PEREIRA DE MACHADO,APRENDIZ EM SERVICOS VENDAS,TESOURARIA,
24474,RENATA DIAS,OPERADOR DE EMPILHADEIRA,METAIS SANITARIOS,
17074,RODRIGO IVAN LOPES DOS TEIXEIRA,AUX.ENTREGA EXTERNA,RECURSOS HUMANOS,
17200,NATALIA TEIXEIRA DA LEITE,OPERADOR DE LOJA,ACESSORIOS PARA BANHEIRO,
18440,GABRIEL BEATRIZ RAMOS DOS FREITAS,AUX. ADMINISTRATIVO,MATERIAL ELETRICO,
26367,RAQUEL CLAUDIA SANTOS DA MENDES,AUX. DE DEPOSITO,LIMPEZA,
19529,SANDRA CAIO FARIAS DOS MACHADO,APRENDIZ EM SERVICOS VENDAS,UTILIDADES DOMESTICAS - PLASTICOS,
33024,MATEUS ALVES DOS CORREIA NETO,OPERADOR DE LOJA,TECNOLOGIA DA INFORMACAO,
24020,OTAVIO NUNES,TESOUREIRO,CREDIARIO,
22665,BRUNO VIVIANE LEITE DOS SILVA,AUX. DE DEPOSITO,UTILIDADES DOMESTICAS - PRESENTES,
26414,NATALIA ROSANA CARDOSO DE NEVES,MOTORISTA,FRENTE DE LOJA,
25621,LEANDRO ROCHA,SUPERVISOR DE VENDAS,VENDAS,
34904,CAIO REIS,ELETRICISTA,PISOS E REVESTIMENTOS,
27410,DIEGO LUCAS LOPES,FRENTE DE LOJA,RECURSOS HUMANOS,
28622,CLAUDIA CRISTIANE CARDOSO,AUX. ADMINISTRATIVO,CREDIARIO,
31920,LEANDRO CARDOSO DA NOGUEIRA NETO,AUX. DE PREVENCAO DE PERDAS,LIMPEZA,
38461,RICARDO CAMILA NUNES DE ROCHA,MOTORISTA,TRANSPORTE PESADO,
38263,SAMUEL GOMES DE SOUZA,AUX.ENTREGA EXTERNA,CAIXA,
31985,JULIANA CAMILA FERNANDES DE NEVES JUNIOR,OPERADOR DE COMPUTADOR,MANUTENCAO INFRAESTRUTURA,
15832,PAULO MARTINS DA NEVES,PROMOTOR(A),VENDAS,
32875,ADRIANA FERNANDES DOS CARDOSO,TESOUREIRO,PREVENCAO DE PERDAS,
36542,OTAVIO RAFAEL MARTINS DA LOPES,AUX. DE ASSISTENCIA TECNICA,CREDIARIO,
26458,MARCELO FERNANDA LEITE DE LOPES,OPERADOR DE EMPILHADEIRA,TESOURARIA,
35550,RAQUEL SANTOS,FRENTE DE LOJA,PREVENCAO DE PERDAS,
15260,RAQUEL FREITAS DA LEITE,VENDEDOR,TESOURARIA,
30326,RODRIGO LARISSA DUARTE,ELETRICISTA,CABOS E FIOS,
38104,LEANDRO PINHEIRO DOS ROCHA,APROVADOR DE CREDITO,CABOS E FIOS,
26891,TARCISIO JOANA SOARES DA NEVES,OPERADOR DE COMPUTADOR,JARDINAGEM,
27401,LARISSA ALVES,AUX. DE PREVENCAO DE PERDAS,BALCAO DE FERRAMENTAS,
28205,GABRIEL MELO,ATENDENTE,TRANSPORTE PESADO,
37341,DIEGO CORREIA,TESOUREIRO,JARDINAGEM,
30918,WAGNER TATIANA MOREIRA DE PINHEIRO,MOTORISTA,EXPEDICAO,
30483,LUCAS JORGE NEVES,AUX. DE DEPOSITO,UTILIDADES DOMESTICAS - PRESENTES,
19740,ANA RAMOS,AUX. ADMINISTRATIVO,TRANSPORTE PESADO,
28211,VICTOR FABIANA PEREIRA DE DIAS,VENDEDOR,MANUTENCAO INFRAESTRUTURA,
25723,CAIO DIEGO LOPES,APRENDIZ EM SERVICOS VENDAS,JARDINAGEM,
19670,ELIAS WAGNER FERNANDES,PROMOTOR(A),FRENTE DE LOJA,
23110,ELAINE RAMOS,VENDEDOR,EXPEDICAO,
15189,RAFAEL CORREIA DE NEVES,AUX. DE PREVENCAO DE PERDAS,PISOS E REVESTIMENTOS,
16876,AMANDA CARLOS FERNANDES,TESOUREIRO,PISOS E REVESTIMENTOS,
36271,IGOR MOREIRA NETO,FRENTE DE LOJA,UTILIDADES DOMESTICAS - PRESENTES,
33540,JOANA REIS DE LIMA,ATENDENTE,PREVENCAO DE PERDAS,
27149,JOAO SOUZA DOS MOREIRA,ELETRICISTA,PISOS E REVESTIMENTOS,
23833,OTAVIO SILVA DA MACHADO,APRENDIZ EM SERVICOS VENDAS,EXPEDICAO,
38281,IGOR ROSANA DIAS DOS NASCIMENTO NETO,AUX. ADMINISTRATIVO,RECURSOS HUMANOS,
17931,CARLOS NATALIA CUNHA DOS CUNHA JUNIOR,OPERADOR DE LOJA,TESOURARIA,
29034,RODRIGO NEVES,APROVADOR DE CREDITO,DEPOSITOS INTERNOS,
23118,ROSANA RODRIGO MACHADO DA MOREIRA,VENDEDOR,VENDAS,
32301,PRISCILA ALINE MACHADO DA LIMA,AUX. DE PREVENCAO DE PERDAS,MANUTENCAO INFRAESTRUTURA,
36001,MARCOS DIAS,AUX. DE ASSISTENCIA TECNICA,ACESSORIOS PARA BANHEIRO,
18797,VICTOR MELO DOS CORREIA,AUXILIAR DE LIMPEZA SANITARIA,UTILIDADES DOMESTICAS - PLASTICOS,
26844,ALINE FERNANDA PINHEIRO,OPERADOR DE COMPUTADOR,CREDIARIO,
35549,ELAINE VIEIRA NETO,AUX. DE ASSISTENCIA TECNICA,ENTREGA,
37821,RENATA LETICIA SANTOS DA SOARES FILHO,AUX.ENTREGA EXTERNA,TESOURARIA,
23771,BEATRIZ AMANDA PEREIRA DA BARBOSA,OPERADOR DE COMPUTADOR,METAIS SANITARIOS,
30420,ALINE FERNANDES DE GOMES,OPERADOR DE LOJA,FRENTE DE LOJA,
21004,PEDRO LOPES DE PINHEIRO,APROVADOR DE CREDITO,ELETRODOMESTICOS-ELETROPORTATEIS,
25645,JULIANA ROCHA DOS FREITAS,AUXILIAR DE LIMPEZA SANITARIA,PREVENCAO DE PERDAS,
28345,FERNANDA NASCIMENTO DOS PINHEIRO,FRENTE DE LOJA,TRANSPORTE PESADO,
32792,CRISTIANE TARCISIO MELO DA LIMA,TESOUREIRO,UTILIDADES DOMESTICAS - PRESENTES,
20182,VICTOR DANIELA VIEIRA,OPERADOR DE EMPILHADEIRA,ELETRODOMESTICOS-ELETROPORTATEIS,
27207,LARISSA TEIXEIRA DE FARIAS,VENDEDOR,DEPOSITOS INTERNOS,
22443,RENATA MELO DOS TEIXEIRA,ELETRICISTA,TECNOLOGIA DA INFORMACAO,
22841,CARLA IGOR MENDES DOS PEREIRA NETO,AUXILIAR DE LIMPEZA SANITARIA,TINTAS E ACESSORIOS,
34065,DANIEL ISABELA COSTA DA NEVES,TESOUREIRO,JARDINAGEM,
21830,RAFAEL ISABELA COSTA DOS LIMA FILHO,AUX. DE ASSISTENCIA TECNICA,UTILIDADES DOMESTICAS - PLASTICOS,
15082,NATALIA ROCHA JUNIOR,ELETRICISTA,BALCAO DE FERRAMENTAS,
29563,SILVIA DIAS DA LIMA FILHO,OPERADOR DE EMPILHADEIRA,ELETRODOMESTICOS-ELETROPORTATEIS,
29597,GUSTAVO JOANA CORREIA DOS VIEIRA,AUX. DE PREVENCAO DE PERDAS,JARDINAGEM,
30901,MARCIA AMANDA MELO DA TEIXEIRA,APROVADOR DE CREDITO,TINTAS E ACESSORIOS,
17596,ANA REIS DE DIAS,ELETRICISTA,ENTREGA,
21163,GISELE MACHADO,MOTORISTA,UTILIDADES DOMESTICAS - PLASTICOS,
27294,JOAO JULIANA PINHEIRO DE VIEIRA,OPERADOR DE LOJA,UTILIDADES DOMESTICAS - PRESENTES,
21730,JANAINA SANDRA REIS,VENDEDOR,UTILIDADES DOMESTICAS - PLASTICOS,
19770,LEANDRO GABRIEL COSTA,OPERADOR DE LOJA,CABOS E FIOS,
25309,CAIO LIMA DE VIEIRA,TESOUREIRO,MATERIAL ELETRICO,
36755,THIAGO LUCAS RAMOS DA SILVA,FRENTE DE LOJA,ENTREGA,
32565,VANESSA ELIAS NEVES,ELETRICISTA,TINTAS E ACESSORIOS,
23890,FERNANDA LOPES DE LOPES,CONFERENTE DE MERCADORIA,JARDINAGEM,
17696,IGOR LEANDRO LEITE FILHO,AUX.ENTREGA EXTERNA,RECURSOS HUMANOS,
20406,JOANA FABIANA VIEIRA DOS ALVES,ATENDENTE,MATERIAL ELETRICO,
31881,FELIPE VICTOR SILVA DE BARBOSA,ELETRICISTA,ENTREGA,
29023,MARCOS AMANDA CUNHA DA MARTINS,OPERADOR DE LOJA,MANUTENCAO INFRAESTRUTURA,
21374,BRUNO LOPES DOS COSTA,TESOUREIRO,PREVENCAO DE PERDAS,
21484,JANAINA GISELE MOREIRA,ELETRICISTA,PISOS E REVESTIMENTOS,
30499,ISABELA SILVA DOS PINHEIRO,FRENTE DE LOJA,MOVEIS E COZINHAS,
34886,HELENA MARIANA FREITAS,TESOUREIRO,BALCAO DE FERRAMENTAS,
21290,MARCOS DIEGO MELO,ATENDENTE,JARDINAGEM,
21545,DIEGO COSTA,APROVADOR DE CREDITO,MATERIAL ELETRICO,
22816,FELIPE DIAS DE TEIXEIRA,OPERADOR DE LOJA,DEPOSITOS INTERNOS,
38049,ANA ANA COSTA,TESOUREIRO,TRANSPORTE PESADO,
38273,ADRIANA JOAO SOARES,CONFERENTE DE MERCADORIA,METAIS SANITARIOS,
19860,SILVIA MARTINS,AUXILIAR DE LIMPEZA SANITARIA,VENDAS,
25522,CLAUDIA NOGUEIRA FILHO,AUX. DE PREVENCAO DE PERDAS,CABOS E FIOS,
32347,ISABELA PINHEIRO,TESOUREIRO,TRANSPORTE PESADO,
18296,SANDRA ISABELA MENDES,OPERADOR DE EMPILHADEIRA,VENDAS,
30613,DIEGO JOAO MOREIRA,AUX. ADMINISTRATIVO,CABOS E FIOS,
25778,TATIANA SANTOS DOS PEREIRA,AUXILIAR DE LIMPEZA SANITARIA,UTILIDADES DOMESTICAS - PLASTICOS,
16410,CARLOS RICARDO MARTINS DE BARBOSA,OPERADOR DE EMPILHADEIRA,CABOS E FIOS,
31497,CARLA MENDES DE FARIAS,APRENDIZ EM SERVICOS VENDAS,TINTAS E ACESSORIOS,
33860,ROSANA LEANDRO NEVES,CONFERENTE DE MERCADORIA,TECNOLOGIA DA INFORMACAO,
38801,SAMUEL CAMILA DUARTE DE FREITAS FILHO,AUX. DE PREVENCAO DE PERDAS,TESOURARIA,
37045,TARCISIO CARDOSO DA CORREIA,FRENTE DE LOJA,LIMPEZA,
32692,MARCIA PINHEIRO,AUX. ADMINISTRATIVO,TESOURARIA,
24260,ROSANA PAULO RIBEIRO,ATENDENTE,VENDAS,
31968,RAFAEL VIEIRA DA PINHEIRO,ATENDENTE,EXPEDICAO,
26890,PEDRO HELENA CORREIA DE SANTOS,AUXILIAR DE LIMPEZA SANITARIA,CREDIARIO,
22620,PATRICIA ISABELA FERNANDES FILHO,APROVADOR DE CREDITO,TESOURARIA,
15674,RAFAEL FERNANDES DE LOPES,ELETRICISTA,PREVENCAO DE PERDAS,
37563,BRUNO SIMONE FERNANDES,ELETRICISTA,RECEPCAO DE MERCADORIA - LOJA,
32568,MARCOS LOPES DA CUNHA,AUX. ADMINISTRATIVO,VENDAS,
32928,EDUARDO TEIXEIRA DOS CARDOSO,VENDEDOR,BALCAO DE FERRAMENTAS,
31205,MARCOS JOAO RIBEIRO,APROVADOR DE CREDITO,FRENTE DE LOJA,
32578,BEATRIZ DIAS DA PEREIRA,CONFERENTE DE MERCADORIA,UTILIDADES DOMESTICAS - PRESENTES,
34438,GISELE SERGIO COSTA DA FARIAS,OPERADOR DE COMPUTADOR,ACESSORIOS PARA BANHEIRO,
31764,PEDRO LUCIANA PEREIRA,ATENDENTE,RECURSOS HUMANOS,
27374,DANIEL PEDRO LEITE DA GOMES,MOTORISTA,ACESSORIOS PARA BANHEIRO,
33955,ISABELA EDUARDO TEIXEIRA DOS MACHADO,AUX. DE DEPOSITO,LIMPEZA,
35676,ADRIANA TEIXEIRA DA LEITE,FRENTE DE LOJA,TECNOLOGIA DA INFORMACAO,
36796,IVAN FREITAS,SUPERVISOR DE VENDAS,FRENTE DE LOJA,
36312,SERGIO CARLOS LIMA,SUPERVISOR DE VENDAS,METAIS SANITARIOS,
15786,EDUARDO JORGE RAMOS,VENDEDOR,CAIXA,
21562,PEDRO MACHADO DOS PINHEIRO,TESOUREIRO,RECEPCAO DE MERCADORIA - LOJA,
37810,RODRIGO RAQUEL SANTOS DOS MOREIRA,VENDEDOR,RECURSOS HUMANOS,
31415,RAQUEL LIMA,VENDEDOR,LIMPEZA,
22160,DANIEL AMANDA GOMES,APROVADOR DE CREDITO,MANUTENCAO INFRAESTRUTURA,
36131,TARCISIO PATRICIA ALVES,AUXILIAR DE LIMPEZA SANITARIA,MATERIAL ELETRICO,
27627,SAMUEL AMANDA MELO DA FARIAS,ELETRICISTA,TESOURARIA,
20061,RODRIGO PATRICIA COSTA,OPERADOR DE LOJA,JARDINAGEM,
28358,CRISTIANE JULIANA SOARES,VENDEDOR,TINTAS E ACESSORIOS,
31971,PRISCILA MATEUS MENDES DE BARBOSA,CONFERENTE DE MERCADORIA,BALCAO DE FERRAMENTAS,
31362,THIAGO VICTOR LOPES DE DUARTE,AUX. ADMINISTRATIVO,ACESSORIOS PARA BANHEIRO,
35399,MARCIA PEREIRA,OPERADOR DE EMPILHADEIRA,PREVENCAO DE PERDAS,
16234,VANESSA ALINE MOREIRA,VENDEDOR,LIMPEZA,
35003,MATEUS SANDRA CARDOSO,OPERADOR DE COMPUTADOR,ELETRODOMESTICOS-ELETROPORTATEIS,
30709,CAIO AMANDA RIBEIRO DOS COSTA,TESOUREIRO,RECEPCAO DE MERCADORIA - LOJA,
20236,RAQUEL FERNANDES,AUX.ENTREGA EXTERNA,TECNOLOGIA DA INFORMACAO,
22870,RODRIGO DIEGO RIBEIRO DE FERNANDES,AUXILIAR DE LIMPEZA SANITARIA,CREDIARIO,
20618,FERNANDA MARCIA MARTINS DA NASCIMENTO,CONFERENTE DE MERCADORIA,CABOS E FIOS,
30357,MARCOS LIMA DOS DUARTE,AUXILIAR DE LIMPEZA SANITARIA,CAIXA,
17534,PEDRO JANAINA CUNHA DE TEIXEIRA,TESOUREIRO,JARDINAGEM,
33122,RAFAEL ANA MENDES DE COSTA,APRENDIZ EM SERVICOS VENDAS,RECURSOS HUMANOS,
28041,IVAN COSTA DOS ROCHA,APROVADOR DE CREDITO,EXPEDICAO,
24483,TATIANA CUNHA DOS ROCHA,VENDEDOR,VENDAS,
33160,PAULO RICARDO SOUZA,MOTORISTA,UTILIDADES DOMESTICAS - PLASTICOS,
26146,CLAUDIA SIMONE ROCHA DOS SOUZA,OPERADOR DE EMPILHADEIRA,MANUTENCAO INFRAESTRUTURA,
22129,MARCIA RAMOS DA BARBOSA FILHO,FRENTE DE LOJA,JARDINAGEM,
31125,ISABELA GABRIEL SOARES DA SILVA,APRENDIZ EM SERVICOS VENDAS,MOVEIS E COZINHAS,
27083,TARCISIO FERNANDA LOPES,MOTORISTA,ENTREGA,
31402,FELIPE EDUARDO MOREIRA,AUX. DE DEPOSITO,UTILIDADES DOMESTICAS - PLASTICOS,
20627,CAIO RAMOS DA NUNES JUNIOR,AUX. DE PREVENCAO DE PERDAS,CAIXA,
31963,HELENA MOREIRA DA RAMOS,AUX. DE PREVENCAO DE PERDAS,TRANSPORTE PESADO,
37904,PEDRO NATALIA FREITAS DOS PINHEIRO,ATENDENTE,PISOS E REVESTIMENTOS,
30189,HELENA SANTOS DA GOMES,AUX. DE DEPOSITO,TECNOLOGIA DA INFORMACAO,
19745,WAGNER PINHEIRO DOS SANTOS JUNIOR,FRENTE DE LOJA,UTILIDADES DOMESTICAS - PLASTICOS,
25947,JORGE IVAN MOREIRA FILHO,AUX. DE PREVENCAO DE PERDAS,JARDINAGEM,
30524,MARCELO JOAO LIMA DE ALVES,OPERADOR DE LOJA,ENTREGA,
38621,LARISSA ROCHA,MOTORISTA,PREVENCAO DE PERDAS,
16782,JANAINA TEIXEIRA,AUX. DE DEPOSITO,TESOURARIA,
35070,AMANDA LEANDRO LEITE,AUX. DE PREVENCAO DE PERDAS,CAIXA,
38141,NATALIA TEIXEIRA,FRENTE DE LOJA,FRENTE DE LOJA,
16137,BEATRIZ FREITAS DE TEIXEIRA,AUXILIAR DE LIMPEZA SANITARIA,METAIS SANITARIOS,
24357,MARIANA ALINE PINHEIRO DE SANTOS NETO,AUX. ADMINISTRATIVO,EXPEDICAO,
38190,PRISCILA LIMA,CONFERENTE DE MERCADORIA,MATERIAL ELETRICO,
33891,JOANA SERGIO PINHEIRO DOS MELO,ELETRICISTA,ELETRODOMESTICOS-ELETROPORTATEIS,
21674,GISELE TATIANA PINHEIRO,OPERADOR DE COMPUTADOR,DEPOSITOS INTERNOS,
17445,LUCAS WAGNER MACHADO,MOTORISTA,TINTAS E ACESSORIOS,
27565,BEATRIZ ELAINE PEREIRA DOS SILVA JUNIOR,AUXILIAR DE LIMPEZA SANITARIA,MOVEIS E COZINHAS,
36921,CARLOS IGOR REIS DOS TEIXEIRA,OPERADOR DE LOJA,VENDAS,
17723,RENATA RODRIGO MENDES DA RAMOS,TESOUREIRO,JARDINAGEM,
39641,RODRIGO ALINE NOGUEIRA,AUX. DE ASSISTENCIA TECNICA,VENDAS,
30723,ELIAS SILVIA FERNANDES DA LOPES,FRENTE DE LOJA,PISOS E REVESTIMENTOS,
25263,SANDRA TATIANA SOARES DOS TEIXEIRA,AUX. DE ASSISTENCIA TECNICA,LIMPEZA,
22990,VICTOR NASCIMENTO DE BARBOSA,TESOUREIRO,CAIXA,
23903,DIEGO ISABELA GOMES,AUX. DE DEPOSITO,LIMPEZA,
30872,LUCAS SOUZA DE CORREIA,ELETRICISTA,ELETRODOMESTICOS-ELETROPORTATEIS,
17489,TARCISIO ALVES DE SOUZA,AUX. DE DEPOSITO,RECEPCAO DE MERCADORIA - LOJA,
28712,ADRIANA FERNANDES,AUX. ADMINISTRATIVO,TESOURARIA,
31371,DIEGO GOMES DA REIS,VENDEDOR,ENTREGA,
22807,JOANA REIS DE MOREIRA,AUX.ENTREGA EXTERNA,TESOURARIA,
16203,ALINE CARDOSO,MOTORISTA,TECNOLOGIA DA INFORMACAO,
31776,ELIAS GUSTAVO FARIAS DE FARIAS,OPERADOR DE EMPILHADEIRA,TINTAS E ACESSORIOS,
34359,ISABELA CARDOSO DE LEITE,AUXILIAR DE LIMPEZA SANITARIA,LIMPEZA,
22845,MARCELO DANIEL SOARES DOS NUNES,OPERADOR DE LOJA,BALCAO DE FERRAMENTAS,
15233,SAMUEL NUNES DE ALVES,CONFERENTE DE MERCADORIA,TINTAS E ACESSORIOS,
37109,THIAGO GISELE SANTOS,CONFERENTE DE MERCADORIA,BALCAO DE FERRAMENTAS,
23448,RODRIGO EDUARDO MOREIRA DOS NUNES NETO,AUXILIAR DE LIMPEZA SANITARIA,MOVEIS E COZINHAS,
25463,LEANDRO CAIO PINHEIRO,APROVADOR DE CREDITO,MOVEIS E COZINHAS,
35557,NATALIA LIMA DOS VIEIRA JUNIOR,AUX. DE PREVENCAO DE PERDAS,CAIXA,
35680,ELIAS RAQUEL LIMA,AUX. DE PREVENCAO DE PERDAS,TECNOLOGIA DA INFORMACAO,
21123,CAIO EDUARDO MOREIRA,AUX. DE ASSISTENCIA TECNICA,RECURSOS HUMANOS,
28638,JORGE LEITE,OPERADOR DE LOJA,UTILIDADES DOMESTICAS - PLASTICOS,
16217,BEATRIZ RIBEIRO DA RAMOS,APRENDIZ EM SERVICOS VENDAS,ACESSORIOS PARA BANHEIRO,
15284,CARLA FARIAS,APROVADOR DE CREDITO,TECNOLOGIA DA INFORMACAO,
25711,MARCELO SOARES DOS FREITAS FILHO,TESOUREIRO,ENTREGA,
27696,MARCOS JULIANA ROCHA,ATENDENTE,TRANSPORTE PESADO,
27993,CAIO PRISCILA MACHADO,CONFERENTE DE MERCADORIA,ELETRODOMESTICOS-ELETROPORTATEIS,
17769,SAMUEL LIMA,APRENDIZ EM SERVICOS VENDAS,PISOS E REVESTIMENTOS,
32494,IVAN REIS DA MENDES,PROMOTOR(A),ACESSORIOS PARA BANHEIRO,
39074,SERGIO SILVA DE SANTOS,ATENDENTE,BALCAO DE FERRAMENTAS,
17862,GUSTAVO CARLA FERNANDES DA BARBOSA,AUX. DE PREVENCAO DE PERDAS,MATERIAL ELETRICO,
18706,MARCELO FREITAS DA COSTA,AUX.ENTREGA EXTERNA,CABOS E FIOS,
23674,PAULO JANAINA TEIXEIRA DA NUNES,AUX. ADMINISTRATIVO,PREVENCAO DE PERDAS,
29045,SIMONE RAQUEL VIEIRA,VENDEDOR,RECEPCAO DE MERCADORIA - LOJA,
25348,TARCISIO GISELE MARTINS DOS CARDOSO NETO,AUX.ENTREGA EXTERNA,PREVENCAO DE PERDAS,
15585,IGOR SOUZA DA MACHADO JUNIOR,MOTORISTA,CAIXA,
32131,RAQUEL RIBEIRO,OPERADOR DE LOJA,METAIS SANITARIOS,
33731,MATEUS CORREIA DA PINHEIRO,MOTORISTA,CABOS E FIOS,
35278,JOAO ELIAS PINHEIRO DE NASCIMENTO,APROVADOR DE CREDITO,LIMPEZA,
35367,HELENA FERNANDES DOS PEREIRA,AUX.ENTREGA EXTERNA,ENTREGA,
18907,MATEUS LOPES DE SILVA,FRENTE DE LOJA,MANUTENCAO INFRAESTRUTURA,
27637,TATIANA FARIAS DE NASCIMENTO,FRENTE DE LOJA,FRENTE DE LOJA,
34011,MARCOS LUCAS MENDES,CONFERENTE DE MERCADORIA,ENTREGA,
33969,LUCIANA GOMES,AUX. DE ASSISTENCIA TECNICA,ENTREGA,
28368,ELIAS MARCELO NUNES DA DUARTE,OPERADOR DE EMPILHADEIRA,BALCAO DE FERRAMENTAS,
18230,WAGNER NASCIMENTO DE TEIXEIRA,AUX. DE ASSISTENCIA TECNICA,MANUTENCAO INFRAESTRUTURA,
32641,SERGIO JORGE MARTINS DE ROCHA,OPERADOR DE LOJA,DEPOSITOS INTERNOS,
15871,HELENA PINHEIRO,APROVADOR DE CREDITO,PISOS E REVESTIMENTOS,
16721,JULIANA BARBOSA DE SANTOS,MOTORISTA,TESOURARIA,
25686,DIEGO NASCIMENTO,OPERADOR DE LOJA,EXPEDICAO,
26450,ALINE MARCELO MELO,OPERADOR DE COMPUTADOR,MOVEIS E COZINHAS,
29334,LARISSA EDUARDO PINHEIRO DE SANTOS,AUX. DE DEPOSITO,TINTAS E ACESSORIOS,
36748,ELIAS FELIPE SILVA,AUXILIAR DE LIMPEZA SANITARIA,DEPOSITOS INTERNOS,
19248,PATRICIA AMANDA TEIXEIRA DOS NASCIMENTO,CONFERENTE DE MERCADORIA,ENTREGA,
19613,DANIEL SILVA,ELETRICISTA,VENDAS,
17960,TARCISIO MARCELO VIEIRA DA NASCIMENTO,APRENDIZ EM SERVICOS VENDAS,PREVENCAO DE PERDAS,
20035,IGOR BARBOSA DOS RIBEIRO,AUX. DE ASSISTENCIA TECNICA,CABOS E FIOS,
35157,JOANA FREITAS,SUPERVISOR DE VENDAS,RECURSOS HUMANOS,
17993,ELIAS LEANDRO RAMOS,AUX. ADMINISTRATIVO,EXPEDICAO,
17142,LARISSA CLAUDIA LIMA,PROMOTOR(A),PREVENCAO DE PERDAS,
27943,CLAUDIA ELIAS COSTA DOS SOUZA,AUX. DE PREVENCAO DE PERDAS,ELETRODOMESTICOS-ELETROPORTATEIS,
33834,CARLOS TATIANA MOREIRA,AUX. DE DEPOSITO,BALCAO DE FERRAMENTAS,
32554,GABRIEL SOUZA DOS NUNES NETO,ATENDENTE,LIMPEZA,
38494,VICTOR SOUZA DA NOGUEIRA,AUX. DE DEPOSITO,JARDINAGEM,
31295,SERGIO LOPES DA FERNANDES,AUXILIAR DE LIMPEZA SANITARIA,UTILIDADES DOMESTICAS - PRESENTES,
35747,RENATA BEATRIZ CUNHA,ATENDENTE,MANUTENCAO INFRAESTRUTURA,
25644,RICARDO LIMA,VENDEDOR,BALCAO DE FERRAMENTAS,
18527,RICARDO EDUARDO NUNES DA CARDOSO,OPERADOR DE COMPUTADOR,VENDAS,
22631,LUCAS LIMA DOS GOMES,TESOUREIRO,MATERIAL ELETRICO,
29829,DANIELA NUNES NETO,MOTORISTA,JARDINAGEM,
36529,HELENA MACHADO DA FARIAS,AUX. DE ASSISTENCIA TECNICA,PREVENCAO DE PERDAS,
17395,MARIANA SANTOS,AUX. ADMINISTRATIVO,VENDAS,
37024,CRISTIANE MARIANA DIAS DE PINHEIRO NETO,AUX. ADMINISTRATIVO,FRENTE DE LOJA,
31989,ELAINE ROSANA MARTINS DOS BARBOSA,FRENTE DE LOJA,UTILIDADES DOMESTICAS - PLASTICOS,
21757,HELENA IVAN PINHEIRO DA BARBOSA,ELETRICISTA,CAIXA,
36321,TATIANA SOARES DE COSTA,ELETRICISTA,MATERIAL ELETRICO,
34029,HELENA MARTINS,OPERADOR DE LOJA,TECNOLOGIA DA INFORMACAO,
37994,SANDRA JOAO BARBOSA DOS COSTA,APRENDIZ EM SERVICOS VENDAS,TINTAS E ACESSORIOS,
26654,CAMILA RICARDO LOPES DE NOGUEIRA,ATENDENTE,TRANSPORTE PESADO,
21183,MARCOS NOGUEIRA,OPERADOR DE COMPUTADOR,MOVEIS E COZINHAS,
37775,DANIELA BARBOSA DOS LIMA,VENDEDOR,RECEPCAO DE MERCADORIA - LOJA,
18758,RAFAEL RIBEIRO DOS NOGUEIRA,APRENDIZ EM SERVICOS VENDAS,MOVEIS E COZINHAS,
18934,SIMONE GUSTAVO RAMOS FILHO,FRENTE DE LOJA,FRENTE DE LOJA,
38360,PATRICIA RODRIGO NASCIMENTO DOS REIS,ELETRICISTA,ENTREGA,
18246,SAMUEL LIMA FILHO,OPERADOR DE EMPILHADEIRA,TINTAS E ACESSORIOS,
36672,HELENA PRISCILA DUARTE,APRENDIZ EM SERVICOS VENDAS,ELETRODOMESTICOS-ELETROPORTATEIS,
17570,FELIPE NATALIA CORREIA DOS SOUZA,SUPERVISOR DE VENDAS,ELETRODOMESTICOS-ELETROPORTATEIS,
25033,JULIANA FELIPE FARIAS DE GOMES,OPERADOR DE EMPILHADEIRA,JARDINAGEM,
26147,LUCAS CLAUDIA PEREIRA DA FREITAS,ELETRICISTA,TINTAS E ACESSORIOS,
39276,RODRIGO SOUZA,SUPERVISOR DE VENDAS,PISOS E REVESTIMENTOS,
21745,GISELE MENDES,ATENDENTE,METAIS SANITARIOS,
16034,LARISSA SANTOS DA NUNES,FRENTE DE LOJA,ACESSORIOS PARA BANHEIRO,
39045,ELIAS SANTOS DOS MACHADO,APROVADOR DE CREDITO,MOVEIS E COZINHAS,
36140,TATIANA PEDRO CORREIA DOS GOMES,MOTORISTA,TESOURARIA,
15056,CARLA GOMES DOS VIEIRA FILHO,OPERADOR DE COMPUTADOR,BALCAO DE FERRAMENTAS,
32784,CARLOS REIS DE NASCIMENTO,OPERADOR DE COMPUTADOR,MATERIAL ELETRICO,
19982,DANIEL ISABELA RIBEIRO JUNIOR,AUX. ADMINISTRATIVO,JARDINAGEM,
20780,MARIANA CORREIA DE SANTOS,AUX. DE PREVENCAO DE PERDAS,TINTAS E ACESSORIOS,
26896,ROSANA SOUZA,APRENDIZ EM SERVICOS VENDAS,TESOURARIA,
24487,FELIPE JORGE REIS DA MACHADO,PROMOTOR(A),TESOURARIA,
16242,DIEGO LEITE,MOTORISTA,METAIS SANITARIOS,
26883,PEDRO TEIXEIRA DA VIEIRA,MOTORISTA,RECEPCAO DE MERCADORIA - LOJA,
34075,EDUARDO MENDES,OPERADOR DE EMPILHADEIRA,RECURSOS HUMANOS,
29228,HELENA FERNANDA RIBEIRO DOS DIAS,OPERADOR DE LOJA,LIMPEZA,
16971,TARCISIO RAQUEL BARBOSA,FRENTE DE LOJA,ELETRODOMESTICOS-ELETROPORTATEIS,
29263,HELENA CARDOSO,OPERADOR DE COMPUTADOR,FRENTE DE LOJA,
22782,BRUNO PINHEIRO,FRENTE DE LOJA,EXPEDICAO,
38777,DIEGO BARBOSA DA CUNHA,AUX. DE DEPOSITO,CABOS E FIOS,
21343,SERGIO PEREIRA,SUPERVISOR DE VENDAS,ACESSORIOS PARA BANHEIRO,
37399,JORGE FARIAS,AUX. DE ASSISTENCIA TECNICA,LIMPEZA,
15203,CARLA MARTINS DE SOARES,CONFERENTE DE MERCADORIA,LIMPEZA,
19902,DIEGO FABIANA REIS,OPERADOR DE EMPILHADEIRA,RECEPCAO DE MERCADORIA - LOJA,
21502,FABIANA LARISSA NUNES DE NUNES FILHO,SUPERVISOR DE VENDAS,MANUTENCAO INFRAESTRUTURA,
25277,PEDRO VANESSA RIBEIRO DA SILVA,CONFERENTE DE MERCADORIA,RECEPCAO DE MERCADORIA - LOJA,
26121,PRISCILA EDUARDO SILVA DA DUARTE,ATENDENTE,UTILIDADES DOMESTICAS - PRESENTES,
39090,FABIANA LETICIA FARIAS DA FREITAS,APROVADOR DE CREDITO,PREVENCAO DE PERDAS,
23850,TATIANA CARDOSO DA VIEIRA NETO,VENDEDOR,LIMPEZA,
31187,PRISCILA MATEUS COSTA DE COSTA,CONFERENTE DE MERCADORIA,MOVEIS E COZINHAS,
19243,DANIEL RIBEIRO,AUX.ENTREGA EXTERNA,CREDIARIO,
35431,RODRIGO ADRIANA PINHEIRO DE VIEIRA,CONFERENTE DE MERCADORIA,TRANSPORTE PESADO,
38987,IVAN MELO,FRENTE DE LOJA,EXPEDICAO,
24760,CRISTIANE LUCAS MOREIRA DOS BARBOSA,AUX. DE ASSISTENCIA TECNICA,TECNOLOGIA DA INFORMACAO,
22824,TARCISIO JOAO SILVA DA CARDOSO,OPERADOR DE COMPUTADOR,JARDINAGEM,
29379,SANDRA SERGIO MENDES,AUX. ADMINISTRATIVO,JARDINAGEM,
37534,ANA DIAS,SUPERVISOR DE VENDAS,TESOURARIA,
22675,BEATRIZ PINHEIRO DOS NOGUEIRA NETO,PROMOTOR(A),PISOS E REVESTIMENTOS,
28717,LUCIANA ELAINE LEITE DA FERNANDES JUNIOR,AUX. DE ASSISTENCIA TECNICA,MATERIAL ELETRICO,
17687,JORGE IVAN FREITAS,AUX. DE PREVENCAO DE PERDAS,TESOURARIA,
27363,DANIEL REIS DE MELO NETO,AUX.ENTREGA EXTERNA,RECURSOS HUMANOS,
22098,RODRIGO TATIANA ALVES DE DUARTE,AUX. DE ASSISTENCIA TECNICA,METAIS SANITARIOS,
37409,MARIANA MARTINS,MOTORISTA,TINTAS E ACESSORIOS,
35781,JULIANA SILVIA NUNES,AUX. DE DEPOSITO,VENDAS,
20739,EDUARDO RAFAEL CORREIA,AUX. ADMINISTRATIVO,RECEPCAO DE MERCADORIA - LOJA,
23998,LEANDRO LARISSA GOMES DOS TEIXEIRA,FRENTE DE LOJA,FRENTE DE LOJA,
18838,GABRIEL VICTOR FERNANDES,TESOUREIRO,PISOS E REVESTIMENTOS,
37389,RAQUEL DIEGO MENDES,OPERADOR DE LOJA,TINTAS E ACESSORIOS,
39930,JOAO TEIXEIRA NETO,OPERADOR DE EMPILHADEIRA,MANUTENCAO INFRAESTRUTURA,
33284,SIMONE BEATRIZ REIS DA DIAS,AUX. DE ASSISTENCIA TECNICA,TRANSPORTE PESADO,
28339,RENATA FERNANDA SOARES,MOTORISTA,ENTREGA,
16979,JULIANA PEREIRA,AUX. DE PREVENCAO DE PERDAS,TRANSPORTE PESADO,
15680,GABRIEL MACHADO DE SOUZA,APROVADOR DE CREDITO,TESOURARIA,
15603,DIEGO PINHEIRO DE RIBEIRO,OPERADOR DE LOJA,LIMPEZA,
15342,NATALIA MELO DA MACHADO,APROVADOR DE CREDITO,TECNOLOGIA DA INFORMACAO,
29847,CRISTIANE MARTINS DE GOMES,TESOUREIRO,EXPEDICAO,
16641,GUSTAVO RAQUEL LIMA DOS COSTA,AUX. DE DEPOSITO,ENTREGA,
34019,BEATRIZ BEATRIZ FREITAS DA CORREIA,AUX. DE ASSISTENCIA TECNICA,VENDAS,
31110,VICTOR PATRICIA REIS,APROVADOR DE CREDITO,TESOURARIA,
27604,MATEUS RAMOS DA LOPES,AUX. DE ASSISTENCIA TECNICA,CAIXA,
23828,SANDRA NOGUEIRA,AUX. DE DEPOSITO,VENDAS,
38106,TATIANA ROSANA GOMES DOS MARTINS,MOTORISTA,TECNOLOGIA DA INFORMACAO,
31367,JANAINA CARDOSO DOS RAMOS,AUXILIAR DE LIMPEZA SANITARIA,ELETRODOMESTICOS-ELETROPORTATEIS,
30334,TARCISIO MENDES DE NUNES,ATENDENTE,CAIXA,
23346,GISELE LEANDRO MENDES,TESOUREIRO,UTILIDADES DOMESTICAS - PRESENTES,
24042,JORGE SILVIA SOARES DE SOARES,AUX.ENTREGA EXTERNA,ACESSORIOS PARA BANHEIRO,
37703,CAMILA FABIANA MARTINS DOS SILVA,AUX. ADMINISTRATIVO,TECNOLOGIA DA INFORMACAO,
34490,SAMUEL TEIXEIRA DE FARIAS,APRENDIZ EM SERVICOS VENDAS,ACESSORIOS PARA BANHEIRO,
33957,DANIELA RAQUEL DUARTE,AUX. ADMINISTRATIVO,DEPOSITOS INTERNOS,
36433,TARCISIO SANTOS,AUX.ENTREGA EXTERNA,DEPOSITOS INTERNOS,
34340,JOAO RAQUEL LOPES DE CORREIA,OPERADOR DE COMPUTADOR,RECEPCAO DE MERCADORIA - LOJA,
36336,VANESSA REIS,APROVADOR DE CREDITO,RECEPCAO DE MERCADORIA - LOJA,
36030,PRISCILA SILVA DA MOREIRA,AUXILIAR DE LIMPEZA SANITARIA,UTILIDADES DOMESTICAS - PLASTICOS,
27929,NATALIA LIMA DOS LOPES,MOTORISTA,MANUTENCAO INFRAESTRUTURA,
28630,SANDRA LEITE,FRENTE DE LOJA,EXPEDICAO,
28818,BEATRIZ DUARTE,AUX. DE PREVENCAO DE PERDAS,BALCAO DE FERRAMENTAS,
37782,IVAN ROCHA DE SOARES NETO,OPERADOR DE LOJA,DEPOSITOS INTERNOS,
36893,DANIEL ISABELA GOMES DE TEIXEIRA,AUXILIAR DE LIMPEZA SANITARIA,CABOS E FIOS,
36509,CAIO TEIXEIRA DA MENDES,PROMOTOR(A),RECURSOS HUMANOS,
27259,LUCIANA ADRIANA RIBEIRO DOS VIEIRA,TESOUREIRO,TECNOLOGIA DA INFORMACAO,
29863,CAIO NASCIMENTO DE CORREIA,AUX. DE ASSISTENCIA TECNICA,MOVEIS E COZINHAS,
38328,DANIELA GABRIEL MARTINS DOS MARTINS,MOTORISTA,MATERIAL ELETRICO,
19174,SILVIA SILVA,CONFERENTE DE MERCADORIA,RECEPCAO DE MERCADORIA - LOJA,
34259,MARCELO FERNANDA REIS DA SILVA,ELETRICISTA,FRENTE DE LOJA,
32629,MATEUS DANIELA SILVA DOS FERNANDES,OPERADOR DE EMPILHADEIRA,ACESSORIOS PARA BANHEIRO,
23971,ANA CUNHA DA CUNHA,AUX. DE PREVENCAO DE PERDAS,TRANSPORTE PESADO,
17348,LARISSA REIS DE CUNHA,TESOUREIRO,LIMPEZA,
30270,RENATA CAIO NEVES,AUX. DE ASSISTENCIA TECNICA,TESOURARIA,
29247,VIVIANE CRISTIANE RIBEIRO DE MENDES,OPERADOR DE LOJA,TESOURARIA,
33609,ISABELA CAIO RIBEIRO DOS COSTA NETO,AUX. DE DEPOSITO,BALCAO DE FERRAMENTAS,
29741,ANA PATRICIA ALVES DA TEIXEIRA,AUX. ADMINISTRATIVO,UTILIDADES DOMESTICAS - PLASTICOS,
20515,CARLA LIMA DA REIS,VENDEDOR,CAIXA,
29156,MARCIA DIAS,OPERADOR DE EMPILHADEIRA,MOVEIS E COZINHAS,
35270,LUCIANA CAMILA TEIXEIRA DA MACHADO,FRENTE DE LOJA,TECNOLOGIA DA INFORMACAO,
37919,PATRICIA CORREIA DE RIBEIRO,AUX.ENTREGA EXTERNA,CAIXA,
22311,FELIPE MARCIA MARTINS,FRENTE DE LOJA,TRANSPORTE PESADO,
31336,SERGIO AMANDA FARIAS DOS PEREIRA,OPERADOR DE COMPUTADOR,MANUTENCAO INFRAESTRUTURA,
23519,SANDRA PRISCILA MENDES DOS SILVA,OPERADOR DE EMPILHADEIRA,RECEPCAO DE MERCADORIA - LOJA,
21313,LUCIANA MACHADO DE NASCIMENTO,SUPERVISOR DE VENDAS,ACESSORIOS PARA BANHEIRO,
30219,ADRIANA THIAGO NOGUEIRA DE RIBEIRO,PROMOTOR(A),MATERIAL ELETRICO,
18025,ROSANA GOMES DOS MARTINS,OPERADOR DE EMPILHADEIRA,MATERIAL ELETRICO,
15889,CRISTIANE FARIAS FILHO,PROMOTOR(A),RECURSOS HUMANOS,
17763,LEANDRO MELO DE MARTINS,AUX.ENTREGA EXTERNA,MOVEIS E COZINHAS,
25335,OTAVIO FARIAS DA SANTOS,APROVADOR DE CREDITO,TINTAS E ACESSORIOS,
21581,DIEGO DANIELA FREITAS,ELETRICISTA,METAIS SANITARIOS,
19962,AMANDA MARCELO NUNES DA MELO,AUX. DE ASSISTENCIA TECNICA,BALCAO DE FERRAMENTAS,
27838,ANA FREITAS DA CARDOSO JUNIOR,AUX. DE PREVENCAO DE PERDAS,RECURSOS HUMANOS,
16421,ALINE GISELE VIEIRA DOS CARDOSO,TESOUREIRO,CABOS E FIOS,
25426,LETICIA CUNHA,CONFERENTE DE MERCADORIA,ELETRODOMESTICOS-ELETROPORTATEIS,
30886,MARCOS MOREIRA DA VIEIRA,ATENDENTE,METAIS SANITARIOS,
29778,CLAUDIA LEITE,AUXILIAR DE LIMPEZA SANITARIA,LIMPEZA,
38475,BEATRIZ GABRIEL NOGUEIRA,ATENDENTE,MOVEIS E COZINHAS,
17088,FERNANDA LEANDRO ALVES DE MOREIRA,AUX. ADMINISTRATIVO,EXPEDICAO,
33164,DANIEL VIEIRA,PROMOTOR(A),ACESSORIOS PARA BANHEIRO,
26246,PEDRO RODRIGO SANTOS DA RIBEIRO,APROVADOR DE CREDITO,PISOS E REVESTIMENTOS,
15625,RODRIGO SIMONE DUARTE DA BARBOSA,TESOUREIRO,BALCAO DE FERRAMENTAS,
28270,TARCISIO ELIAS ROCHA DOS COSTA,APROVADOR DE CREDITO,UTILIDADES DOMESTICAS - PLASTICOS,
